route_id,route_short_name,route_long_name,direction_id,trips,first_departure_seconds,last_departure_seconds,first_arrival_seconds,last_arrival_seconds,departure_span_hours,full_service_span_hours,first_departure,last_departure,avg_headway_min,median_headway_min,p90_headway_min,max_headway_min,headway_observations
1,1,Dundas,0,86,7260,91680,9900,94500,23.45,24.233333333333334,02:01,25:28,16.55294117647059,15.0,20.0,30.0,85.0
1,1,Dundas,1,86,7200,91800,9780,94560,23.5,24.266666666666666,02:00,25:30,16.58823529411765,15.0,20.0,30.0,85.0
2,2,Hurontario,0,117,9000,94080,10140,95280,23.633333333333333,23.966666666666665,02:30,26:08,12.330434782608696,12.0,18.0,20.0,115.0
2,2,Hurontario,1,115,7200,92400,8160,93480,23.666666666666668,23.966666666666665,02:00,25:40,12.456140350877194,12.0,18.0,20.0,114.0
3,3,Bloor,0,90,7200,92100,8820,93840,23.583333333333332,24.066666666666666,02:00,25:35,15.898876404494382,15.0,30.0,30.0,89.0
3,3,Bloor,1,90,9600,94800,11580,96660,23.666666666666668,24.183333333333334,02:40,26:20,15.955056179775282,15.0,30.0,30.0,89.0
4,4,North Service Road,0,26,17400,81240,20400,84240,17.733333333333334,18.566666666666666,04:50,22:34,42.56,44.0,60.0,64.0,25.0
4,4,North Service Road,1,29,16140,84840,16980,87600,19.083333333333332,19.85,04:29,23:34,40.892857142857146,42.5,60.0,62.0,28.0
5,5,Dixie,0,71,14400,93360,16560,95100,21.933333333333334,22.416666666666668,04:00,25:56,18.8,15.0,32.2,40.0,70.0
5,5,Dixie,1,70,14100,91440,16980,94200,21.483333333333334,22.25,03:55,25:24,18.681159420289855,15.0,30.0,38.0,69.0
6,6,Credit Woodlands,0,48,18000,94680,19920,96360,21.3,21.766666666666666,05:00,26:18,27.19148936170213,28.0,34.8,36.0,47.0
6,6,Credit Woodlands,1,45,18300,93000,19320,94560,20.75,21.183333333333334,05:05,25:50,28.295454545454547,30.0,33.500000000000014,38.0,44.0
7,7,Airport,0,54,8760,92760,11820,95820,23.333333333333332,24.183333333333334,02:26,25:46,26.41509433962264,25.0,34.40000000000001,40.0,53.0
7,7,Airport,1,54,7500,91320,10440,94200,23.283333333333335,24.083333333333332,02:05,25:22,26.358490566037737,25.0,34.0,42.0,53.0
8,8,Cawthra,0,36,17760,85200,19800,87180,18.733333333333334,19.283333333333335,04:56,23:40,32.114285714285714,35.0,42.6,45.0,35.0
8,8,Cawthra,1,35,20100,85080,22200,86940,18.05,18.566666666666666,05:35,23:38,31.852941176470587,35.0,42.0,44.0,34.0
9,9,Rathburn,0,49,15180,92040,17400,94200,21.35,21.95,04:13,25:34,26.6875,27.0,30.300000000000004,46.0,48.0
9,9,Rathburn,1,49,18000,94500,20520,96720,21.25,21.866666666666667,05:00,26:15,26.5625,27.0,30.0,44.0,48.0
10,10,Bristol,0,50,17820,90480,21120,93180,20.183333333333334,20.933333333333334,04:57,25:08,24.714285714285715,25.0,31.0,35.0,49.0
10,10,Bristol,1,52,16680,90480,19800,93300,20.5,21.283333333333335,04:38,25:08,24.11764705882353,25.0,30.0,34.0,51.0
11,11,Westwood,0,85,18180,98580,19560,99840,22.333333333333332,22.683333333333334,05:03,27:23,15.952380952380953,15.0,23.0,30.0,84.0
11,11,Westwood,1,87,16020,96960,17400,98280,22.483333333333334,22.85,04:27,26:56,15.686046511627907,15.0,23.0,30.0,86.0
13,13,Glen Erin,0,50,16260,96420,18780,98700,22.266666666666666,22.9,04:31,26:47,27.26530612244898,25.0,48.400000000000006,52.0,49.0
13,13,Glen Erin,1,52,15900,93420,18540,95760,21.533333333333335,22.183333333333334,04:25,25:57,25.333333333333332,24.0,30.0,50.0,51.0
14,14,Lorne Park,0,27,17400,85200,18480,86280,18.833333333333332,19.133333333333333,04:50,23:40,43.46153846153846,43.5,58.0,64.0,26.0
14,14,Lorne Park,1,27,17040,83700,19080,84840,18.516666666666666,18.833333333333332,04:44,23:15,42.73076923076923,43.0,57.0,58.0,26.0
15,15,Drew,0,33,18360,88800,18960,90300,19.566666666666666,19.983333333333334,05:06,24:40,36.6875,32.0,37.800000000000004,230.0,32.0
15,15,Drew,1,32,19200,87000,20940,88500,18.833333333333332,19.25,05:20,24:10,36.45161290322581,32.0,40.0,182.0,31.0
16,16,Malton,0,26,22800,85200,24720,86940,17.333333333333332,17.816666666666666,06:20,23:40,41.6,40.0,44.0,44.0,25.0
16,16,Malton,1,24,16500,72000,17640,73740,15.416666666666666,15.9,04:35,20:00,40.21739130434783,40.0,44.0,44.0,23.0
17,17,Hurontario,0,74,6780,91380,7980,92580,23.5,23.833333333333332,01:53,25:23,19.315068493150687,20.0,28.0,30.0,73.0
17,17,Hurontario,1,72,8340,93000,9480,94140,23.516666666666666,23.833333333333332,02:19,25:50,19.87323943661972,20.0,30.0,30.0,71.0
18,18,Derry,0,45,17100,67800,19800,70800,14.083333333333334,14.916666666666666,04:45,18:50,19.204545454545453,15.0,16.0,208.0,44.0
18,18,Derry,1,45,20280,70680,22680,73260,14.0,14.716666666666667,05:38,19:38,19.09090909090909,15.0,15.0,196.0,44.0
20,20,Rathburn,0,51,16740,89220,18600,90900,20.133333333333333,20.6,04:39,24:47,24.16,23.5,38.2,40.0,50.0
20,20,Rathburn,1,53,17100,91260,18840,92940,20.6,21.066666666666666,04:45,25:21,23.76923076923077,23.0,34.0,40.0,52.0
22,22,Finch,0,44,15660,90780,16380,91500,20.866666666666667,21.066666666666666,04:21,25:13,29.11627906976744,26.0,44.0,44.0,43.0
22,22,Finch,1,44,16380,91500,17460,92460,20.866666666666667,21.133333333333333,04:33,25:25,29.11627906976744,26.0,43.800000000000004,44.0,43.0
23,23,Lakeshore,0,48,15600,94440,17400,96060,21.9,22.35,04:20,26:14,27.95744680851064,26.0,36.0,44.0,47.0
23,23,Lakeshore,1,48,17520,94440,19320,96000,21.366666666666667,21.8,04:52,26:14,27.27659574468085,26.0,34.8,40.0,47.0
24,24,Northwest,0,17,20100,65880,22440,68340,12.716666666666667,13.4,05:35,18:18,34.2,35.0,36.0,37.0,15.0
24,24,Northwest,1,19,16800,65100,18960,67380,13.416666666666666,14.05,04:40,18:05,44.72222222222222,36.0,37.3,213.0,18.0
25,25,Traders Loop,0,21,21600,64680,22620,65760,11.966666666666667,12.266666666666667,06:00,17:58,23.05263157894737,20.0,34.0,34.0,19.0
26,26,Burnhamthorpe,0,75,15060,93480,15900,96300,21.783333333333335,22.566666666666666,04:11,25:58,17.66216216216216,15.0,28.80000000000001,34.0,74.0
26,26,Burnhamthorpe,1,81,13980,96660,14520,99420,22.966666666666665,23.733333333333334,03:53,26:51,17.225,15.0,26.0,32.0,80.0
28,28,Confederation,0,65,17700,87300,18780,88320,19.333333333333332,19.616666666666667,04:55,24:15,18.125,18.5,22.400000000000006,27.0,64.0
28,28,Confederation,1,64,18600,87600,19560,88500,19.166666666666668,19.416666666666668,05:10,24:20,18.253968253968253,20.0,22.0,28.0,63.0
29,29,Park Royal,0,35,15480,91020,15600,92700,20.983333333333334,21.45,04:18,25:17,37.029411764705884,38.0,49.7,50.0,34.0
29,29,Park Royal,1,33,15600,90960,18120,93300,20.933333333333334,21.583333333333332,04:20,25:16,39.25,38.0,51.0,51.0,32.0
30,30,Rexdale,0,26,16200,84840,18480,87060,19.066666666666666,19.683333333333334,04:30,23:34,45.76,54.0,58.0,58.0,25.0
30,30,Rexdale,1,22,19140,87720,21540,89880,19.05,19.65,05:19,24:22,54.42857142857143,55.0,59.0,59.0,21.0
31,31,Ogden,0,50,14400,92700,15600,93840,21.75,22.066666666666666,04:00,25:45,26.632653061224488,30.0,31.200000000000003,35.0,49.0
31,31,Ogden,1,50,14700,93120,16080,94320,21.783333333333335,22.116666666666667,04:05,25:52,26.6734693877551,30.0,31.200000000000003,35.0,49.0
35,35,Eglinton,0,79,12600,90600,16080,94080,21.666666666666668,22.633333333333333,03:30,25:10,16.666666666666668,15.0,23.599999999999994,35.0,78.0
35,35,Eglinton,1,80,15000,94800,18420,97980,22.166666666666668,23.05,04:10,26:20,16.835443037974684,15.0,30.0,35.0,79.0
36,36,Ridgeway,0,33,20460,94500,22440,96060,20.566666666666666,21.0,05:41,26:15,38.5625,40.0,44.0,46.0,32.0
36,36,Ridgeway,1,33,20460,92700,22260,94260,20.066666666666666,20.5,05:41,25:45,37.625,42.0,44.0,46.0,32.0
38,38,Creditview,0,39,16200,87480,18360,90600,19.8,20.666666666666668,04:30,24:18,31.263157894736842,30.0,40.60000000000001,50.0,38.0
38,38,Creditview,1,38,18600,88800,22440,91920,19.5,20.366666666666667,05:10,24:40,31.62162162162162,30.0,43.599999999999994,50.0,37.0
39,39,Britannia,0,47,17040,90840,19380,94500,20.5,21.516666666666666,04:44,25:14,26.73913043478261,23.0,37.5,42.0,46.0
39,39,Britannia,1,49,16380,89340,19980,92700,20.266666666666666,21.2,04:33,24:49,25.333333333333332,22.0,38.0,39.0,48.0
42,42,Derry,0,88,13800,93600,16620,96180,22.166666666666668,22.883333333333333,03:50,26:00,15.28735632183908,15.0,15.0,20.0,87.0
42,42,Derry,1,83,14400,90000,17340,92880,21.0,21.8,04:00,25:00,15.365853658536585,15.0,15.0,24.0,82.0
43,43,Matheson,0,9,17400,36600,20880,39840,5.333333333333333,6.233333333333333,04:50,10:10,40.0,40.0,40.0,40.0,8.0
43,43,Matheson,1,9,51600,71160,55080,74640,5.433333333333334,6.4,14:20,19:46,40.75,40.0,42.0,42.0,8.0
44,44,Mississauga Road,0,51,20100,91500,22020,93420,19.833333333333332,20.366666666666667,05:35,25:25,23.8,23.0,39.000000000000014,50.0,50.0
44,44,Mississauga Road,1,51,17400,91500,19320,93420,20.583333333333332,21.116666666666667,04:50,25:25,24.7,26.0,40.50000000000001,50.0,50.0
45,45,Winston Churchill,0,52,17460,86400,20160,88680,19.15,19.783333333333335,04:51,24:00,22.529411764705884,20.0,32.0,39.0,51.0
45,45,Winston Churchill,1,51,16200,83100,18900,85740,18.583333333333332,19.316666666666666,04:30,23:05,22.3,20.0,32.0,32.0,50.0
46,46,Tenth Line,0,32,17220,91380,19080,93060,20.6,21.066666666666666,04:47,25:23,39.87096774193548,44.0,46.0,50.0,31.0
46,46,Tenth Line,1,30,15300,89520,16920,91140,20.616666666666667,21.066666666666666,04:15,24:52,42.6551724137931,44.0,48.0,48.0,29.0
48,48,Erin Mills,0,44,15300,89100,17520,91200,20.5,21.083333333333332,04:15,24:45,28.6046511627907,26.0,40.0,45.0,43.0
48,48,Erin Mills,1,43,15300,91800,17400,93900,21.25,21.833333333333332,04:15,25:30,30.357142857142858,28.0,45.0,45.0,42.0
49,49,McDowell,0,26,21300,70800,22020,71460,13.75,13.933333333333334,05:55,19:40,33.0,44.0,48.0,48.0,25.0
49,49,McDowell,1,26,22140,72000,23280,73140,13.85,14.166666666666666,06:09,20:00,33.24,40.0,46.0,48.0,25.0
51,51,Tomken,0,64,15960,92940,17520,95280,21.383333333333333,22.033333333333335,04:26,25:49,20.365079365079364,15.0,34.00000000000002,50.0,63.0
51,51,Tomken,1,65,17640,93240,20340,95580,21.0,21.65,04:54,25:54,20.0,14.0,43.60000000000007,52.0,63.0
53,53,Kennedy,0,42,17940,85080,20160,87180,18.65,19.233333333333334,04:59,23:38,27.29268292682927,22.0,44.0,50.0,41.0
53,53,Kennedy,1,41,19200,87720,21480,89700,19.033333333333335,19.583333333333332,05:20,24:22,28.55,22.0,44.2,50.0,40.0
57,57,Courtneypark,0,57,14400,68940,17280,71940,15.15,15.983333333333333,04:00,19:09,16.232142857142858,13.0,26.0,26.0,56.0
57,57,Courtneypark,1,59,18240,72480,21360,75240,15.066666666666666,15.833333333333334,05:04,20:08,15.586206896551724,13.0,24.300000000000004,26.0,58.0
61,61,Mavis,0,93,15600,95520,17340,97080,22.2,22.633333333333333,04:20,26:32,14.478260869565217,14.0,16.0,20.0,92.0
61,61,Mavis,1,96,13800,95520,15060,97200,22.7,23.166666666666668,03:50,26:32,14.336842105263157,14.0,17.200000000000017,25.0,95.0
66,66,McLaughlin,0,100,18600,90300,20160,91800,19.916666666666668,20.333333333333332,05:10,25:05,12.070707070707071,12.0,16.200000000000003,18.0,99.0
66,66,McLaughlin,1,102,16320,91080,17940,92580,20.766666666666666,21.183333333333334,04:32,25:18,12.336633663366337,12.0,17.0,20.0,101.0
68,68,Terry Fox,0,17,18600,89700,20040,91020,19.75,20.116666666666667,05:10,24:55,74.0625,75.0,75.0,75.0,16.0
68,68,Terry Fox,1,17,20040,91080,21780,92460,19.733333333333334,20.116666666666667,05:34,25:18,74.0,74.0,76.5,77.0,16.0
70,70,Keaton,0,15,52200,66600,55080,69360,4.0,4.766666666666667,14:30,18:30,17.142857142857142,16.0,20.0,20.0,14.0
70,70,Keaton,1,13,22200,34200,24420,36420,3.3333333333333335,3.95,06:10,09:30,16.666666666666668,15.0,20.0,21.0,12.0
71,71,Sheridan,0,5,58800,64200,62160,67560,1.5,2.433333333333333,16:20,17:50,22.5,20.0,27.0,30.0,4.0
71,71,Sheridan,1,3,26220,29160,28980,31980,0.8166666666666667,1.6,07:17,08:06,24.5,24.5,24.9,25.0,2.0
73,73,Kamato,0,17,20700,68280,21480,69000,13.216666666666667,13.416666666666666,05:45,18:58,31.8,32.0,39.2,43.0,15.0
73,73,Kamato,1,17,21480,69000,21960,69540,13.2,13.35,05:58,19:10,31.6,31.0,38.6,42.0,15.0
74,74,Explorer,0,16,19380,73080,20280,74160,14.916666666666666,15.216666666666667,05:23,20:18,45.07142857142857,46.0,47.0,47.0,14.0
74,74,Explorer,1,17,18480,74520,19140,75300,15.566666666666666,15.783333333333333,05:08,20:42,44.93333333333333,45.0,46.0,50.0,15.0
90,90,Terragar-Copenhagen Loop,0,30,19620,83400,20760,84240,17.716666666666665,17.95,05:27,23:10,36.6551724137931,30.0,50.0,54.0,29.0
90,90,Terragar-Copenhagen Loop,1,33,16500,84780,17580,85860,18.966666666666665,19.266666666666666,04:35,23:33,35.5625,30.0,50.0,50.0,32.0
101,101,Dundas Express,0,69,16260,84360,19380,87840,18.916666666666668,19.883333333333333,04:31,23:26,16.691176470588236,15.0,20.0,30.0,68.0
101,101,Dundas Express,1,68,18000,83400,21300,86460,18.166666666666668,19.016666666666666,05:00,23:10,16.26865671641791,15.0,19.0,25.0,67.0
103,103,Hurontario Express,0,52,15000,89820,17220,91800,20.783333333333335,21.333333333333332,04:10,24:57,24.45098039215686,24.0,38.0,55.0,51.0
103,103,Hurontario Express,1,52,16800,89760,18960,91740,20.266666666666666,20.816666666666666,04:40,24:56,23.84313725490196,24.0,30.0,50.0,51.0
107,107,Malton Express,0,73,18000,83520,21060,86340,18.2,18.983333333333334,05:00,23:12,15.166666666666666,15.0,20.0,25.0,72.0
107,107,Malton Express,1,74,17400,83700,20340,86580,18.416666666666668,19.216666666666665,04:50,23:15,15.136986301369863,15.0,20.0,30.0,73.0
108,108,Financial Express,0,13,18720,36240,21000,38700,4.866666666666666,5.55,05:12,10:04,24.333333333333332,26.5,30.0,30.0,12.0
108,108,Financial Express,1,13,54900,71760,58440,74400,4.683333333333334,5.416666666666667,15:15,19:56,23.416666666666668,24.5,30.0,30.0,12.0
109,109,Meadowvale Express,0,82,18600,85200,21600,88140,18.5,19.316666666666666,05:10,23:40,13.703703703703704,15.0,15.0,25.0,81.0
109,109,Meadowvale Express,1,80,14760,81360,17700,84480,18.5,19.366666666666667,04:06,22:36,14.050632911392405,15.0,16.0,25.0,79.0
110,110,University Express,0,59,15540,90240,16440,91140,20.75,21.0,04:19,25:04,21.46551724137931,21.0,24.60000000000001,40.0,58.0
110,110,University Express,1,59,14700,91560,16680,92520,21.35,21.616666666666667,04:05,25:26,22.086206896551722,21.0,26.300000000000004,31.0,58.0
126,126,Burnhamthorpe Express,0,25,24600,69000,27240,71820,12.333333333333334,13.116666666666667,06:50,19:10,20.434782608695652,20.0,22.0,22.0,23.0
126,126,Burnhamthorpe Express,1,24,24600,67800,27180,70560,12.0,12.766666666666667,06:50,18:50,20.454545454545453,20.0,22.0,22.0,22.0
135,135,Eglinton Express,0,27,21000,63420,24600,67020,11.783333333333333,12.783333333333333,05:50,17:37,15.0,15.0,15.0,15.0,25.0
135,135,Eglinton Express,1,27,21900,64800,25740,68640,11.916666666666666,12.983333333333333,06:05,18:00,15.0,15.0,15.0,15.0,25.0
302,302,Philip Pocock SS,1,2,51300,51720,53580,54000,0.11666666666666667,0.75,14:15,14:22,7.0,7.0,7.0,7.0,1.0
304,304,Father Goetz SS,1,1,27780,27780,29100,29100,0.0,0.36666666666666664,07:43,07:43,,,,,
306,306,Streetsville SS,1,1,52740,52740,54120,54120,0.0,0.38333333333333336,14:39,14:39,,,,,
307,307,Philip Pocock SS,0,1,51720,51720,53640,53640,0.0,0.5333333333333333,14:22,14:22,,,,,
307,307,Philip Pocock SS,1,1,25920,25920,27840,27840,0.0,0.5333333333333333,07:12,07:12,,,,,
312,312,Glenforest SS,0,1,28200,28200,29700,29700,0.0,0.4166666666666667,07:50,07:50,,,,,
312,312,Glenforest SS,1,1,53700,53700,55200,55200,0.0,0.4166666666666667,14:55,14:55,,,,,
313,313,Streetsville SS,0,2,53040,53040,54300,54300,0.0,0.35,14:44,14:44,,,,,
313,313,Streetsville SS,1,1,27360,27360,28920,28920,0.0,0.43333333333333335,07:36,07:36,,,,,
314,314,Rick Hansen SS,0,1,55260,55260,56220,56220,0.0,0.26666666666666666,15:21,15:21,,,,,
314,314,Rick Hansen SS,1,1,29220,29220,30120,30120,0.0,0.25,08:07,08:07,,,,,
315,315,Rick Hansen SS,0,1,28740,28740,30180,30180,0.0,0.4,07:59,07:59,,,,,
315,315,Rick Hansen SS,1,2,55020,55260,56400,56640,0.06666666666666667,0.45,15:17,15:21,4.0,4.0,4.0,4.0,1.0
321,321,Stephen Lewis SS,0,2,28740,30720,29880,31860,0.55,0.8666666666666667,07:59,08:32,33.0,33.0,33.0,33.0,1.0
321,321,Stephen Lewis SS,1,3,52680,55500,54240,57000,0.7833333333333333,1.2,14:38,15:25,23.5,23.5,41.5,46.0,2.0
