route_id,route_short_name,route_long_name,scheduled_trips,directions,first_departure_seconds,last_departure_seconds,last_arrival_seconds,departure_span_hours,full_service_span_hours,avg_headway_min,median_headway_min,p90_headway_min,max_headway_min,headway_observations,min_direction_trips,max_direction_trips,directional_balance_ratio,first_departure,last_departure,trips_early_morning,trips_am_peak,trips_midday,trips_pm_peak,trips_evening,trips_late_night,trips_other,trips_unknown,median_headway_early_morning_min,median_headway_am_peak_min,median_headway_midday_min,median_headway_pm_peak_min,median_headway_evening_min,median_headway_late_night_min,all_day_service_flag
2,2,Hurontario,232,2,7200,94080,95280,24.13,24.47,12.39,12.0,18.0,20.0,229.0,115,117,0.98,02:00,26:08,27,34,65,50,30,26,0,0,18.0,12.0,12.0,10.0,12.0,19.0,1
66,66,McLaughlin,202,2,16320,91080,92580,20.77,21.18,12.2,12.0,17.0,20.0,200.0,100,102,0.98,04:32,25:18,13,32,63,45,26,23,0,0,11.0,11.0,12.0,11.0,14.0,17.0,1
57,57,Courtneypark,116,2,14400,72480,75240,16.13,16.9,15.9,13.0,26.0,26.0,114.0,57,59,0.97,04:00,20:08,13,29,36,33,5,0,0,0,13.0,12.0,24.0,13.0,20.0,,1
61,61,Mavis,189,2,13800,95520,97200,22.7,23.17,14.41,14.0,16.8,25.0,187.0,93,96,0.97,03:50,26:32,15,26,52,35,28,33,0,0,16.0,14.0,14.0,13.0,14.0,15.0,1
51,51,Tomken,129,2,15960,93240,95580,21.47,22.12,20.18,14.0,41.0,52.0,126.0,64,65,0.98,04:26,25:54,12,26,35,35,11,10,0,0,15.5,14.0,25.0,13.0,26.0,48.0,1
3,3,Bloor,180,2,7200,94800,96660,24.33,24.85,15.93,15.0,30.0,30.0,178.0,90,90,1.0,02:00,26:20,22,31,52,39,19,17,0,0,20.0,10.0,14.0,12.0,20.0,30.0,1
1,1,Dundas,172,2,7200,91800,94560,23.5,24.27,16.57,15.0,20.0,30.0,170.0,86,86,1.0,02:00,25:30,22,24,48,32,24,22,0,0,22.5,15.0,15.0,15.0,15.0,20.0,1
11,11,Westwood,172,2,16020,98580,99840,22.93,23.28,15.82,15.0,23.0,30.0,170.0,85,87,0.98,04:27,27:23,11,31,49,36,20,25,0,0,14.0,11.0,15.0,12.0,18.0,24.0,1
42,42,Derry,171,2,13800,93600,96180,22.17,22.88,15.33,15.0,15.0,24.0,169.0,83,88,0.94,03:50,26:00,13,24,48,32,24,30,0,0,20.0,15.0,15.0,15.0,15.0,15.0,1
109,109,Meadowvale Express,162,2,14760,85200,88140,19.57,20.38,13.88,15.0,16.0,25.0,160.0,80,82,0.98,04:06,23:40,8,29,50,42,24,9,0,0,25.0,10.0,15.0,10.0,15.0,18.0,1
35,35,Eglinton,159,2,12600,94800,97980,22.83,23.72,16.75,15.0,27.0,35.0,157.0,79,80,0.99,03:30,26:20,16,24,50,32,22,15,0,0,15.0,15.0,15.0,15.0,15.0,30.0,1
26,26,Burnhamthorpe,156,2,13980,96660,99420,22.97,23.73,17.44,15.0,26.0,34.0,154.0,75,81,0.93,03:53,26:51,14,25,50,32,17,18,0,0,19.0,14.0,15.0,14.5,24.0,30.0,1
107,107,Malton Express,147,2,17400,83700,86580,18.42,19.22,15.15,15.0,20.0,30.0,145.0,73,74,0.99,04:50,23:15,8,25,48,40,18,8,0,0,15.0,15.0,15.0,12.0,20.0,20.0,1
5,5,Dixie,141,2,14100,93360,95100,22.02,22.5,18.74,15.0,30.4,40.0,139.0,70,71,0.99,03:55,25:56,12,24,49,30,13,13,0,0,23.5,15.0,15.0,15.0,25.0,38.0,1
101,101,Dundas Express,137,2,16260,84360,87840,18.92,19.88,16.48,15.0,19.6,30.0,135.0,68,69,0.99,04:31,23:26,9,24,48,30,19,7,0,0,15.0,15.0,15.0,15.0,18.0,25.0,1
18,18,Derry,90,2,17100,70680,73260,14.88,15.6,19.15,15.0,15.0,208.0,88.0,45,45,1.0,04:45,19:38,8,24,23,32,3,0,0,0,14.0,15.0,15.0,15.0,15.0,,1
28,28,Confederation,129,2,17700,87600,88500,19.42,19.67,18.19,19.0,22.4,28.0,127.0,64,65,0.98,04:55,24:20,9,25,38,27,18,12,0,0,15.0,15.0,20.0,18.0,20.0,24.0,1
17,17,Hurontario,146,2,6780,93000,94140,23.95,24.27,19.59,20.0,30.0,30.0,144.0,72,74,0.97,01:53,25:50,17,18,36,33,25,17,0,0,28.0,20.0,21.0,15.0,15.0,30.0,1
45,45,Winston Churchill,103,2,16200,86400,88680,19.5,20.13,22.42,20.0,32.0,39.0,101.0,51,52,0.98,04:30,24:00,7,19,27,28,14,8,0,0,30.0,20.0,30.0,18.0,22.0,30.0,1
126,126,Burnhamthorpe Express,49,2,24600,69000,71820,12.33,13.12,20.44,20.0,22.0,22.0,45.0,24,25,0.96,06:50,19:10,0,14,10,24,1,0,0,0,,20.0,20.0,20.0,20.0,,1
110,110,University Express,118,2,14700,91560,92520,21.35,21.62,21.78,21.0,26.0,40.0,116.0,59,59,1.0,04:05,25:26,14,18,34,21,15,16,0,0,17.5,21.0,21.0,22.0,21.0,24.0,1
39,39,Britannia,96,2,16380,90840,94500,20.68,21.7,26.02,22.0,38.0,42.0,94.0,47,49,0.96,04:33,25:14,10,17,23,24,11,11,0,0,17.0,20.0,35.0,21.0,33.0,38.0,1
53,53,Kennedy,83,2,17940,87720,89700,19.38,19.93,27.91,22.0,44.0,50.0,81.0,41,42,0.98,04:59,24:22,6,16,24,23,7,7,0,0,18.5,22.0,34.0,20.0,48.0,44.0,1
20,20,Rathburn,104,2,16740,91260,92940,20.7,21.17,23.96,23.5,37.8,40.0,102.0,51,53,0.96,04:39,25:21,8,17,33,22,13,11,0,0,20.0,24.0,24.0,22.0,18.0,38.0,1
103,103,Hurontario Express,104,2,15000,89820,91800,20.78,21.33,24.15,24.0,31.8,55.0,102.0,52,52,1.0,04:10,24:57,9,21,26,26,13,9,0,0,25.0,15.0,28.0,16.0,28.0,42.0,1
13,13,Glen Erin,102,2,15900,96420,98700,22.37,23.0,26.28,24.0,31.8,52.0,100.0,50,52,0.96,04:25,26:47,9,17,30,20,14,12,0,0,24.0,26.0,25.0,24.0,26.0,50.0,1
108,108,Financial Express,26,2,18720,71760,74400,14.73,15.47,23.88,24.5,30.0,30.0,24.0,13,13,1.0,05:12,19:56,2,8,3,11,2,0,0,0,30.0,22.5,30.0,23.0,30.0,,1
7,7,Airport,108,2,7500,92760,95820,23.68,24.53,26.39,25.0,34.0,42.0,106.0,54,54,1.0,02:05,25:46,17,15,29,19,14,14,0,0,23.0,24.0,25.0,26.0,25.0,34.0,1
10,10,Bristol,102,2,16680,90480,93300,20.5,21.28,24.41,25.0,31.0,35.0,100.0,50,52,0.96,04:38,25:08,7,17,30,21,13,14,0,0,21.0,25.0,25.0,22.0,23.0,31.0,1
44,44,Mississauga Road,102,2,17400,91500,93420,20.58,21.12,24.25,25.0,40.5,50.0,100.0,51,51,1.0,04:50,25:25,6,17,32,24,13,10,0,0,22.0,16.0,25.0,16.0,26.0,48.0,1
23,23,Lakeshore,96,2,15600,94440,96060,21.9,22.35,27.62,26.0,36.0,44.0,94.0,48,48,1.0,04:20,26:14,8,16,29,17,12,14,0,0,21.5,24.0,26.0,28.0,30.0,39.0,1
22,22,Finch,88,2,15660,91500,92460,21.07,21.33,29.12,26.0,44.0,44.0,86.0,44,44,1.0,04:21,25:25,6,15,29,18,10,10,0,0,41.0,24.0,25.0,27.0,44.0,43.5,1
9,9,Rathburn,98,2,15180,94500,96720,22.03,22.65,26.62,27.0,30.0,46.0,96.0,49,49,1.0,04:13,26:15,9,15,27,18,13,16,0,0,20.0,22.0,28.0,26.5,27.0,27.0,1
6,6,Credit Woodlands,93,2,18000,94680,96360,21.3,21.77,27.73,28.0,35.0,38.0,91.0,45,48,0.94,05:00,26:18,6,13,26,20,13,15,0,0,27.0,30.0,30.0,26.0,28.0,36.0,1
48,48,Erin Mills,87,2,15300,91800,93900,21.25,21.83,29.47,28.0,43.0,45.0,85.0,43,44,0.98,04:15,25:30,7,16,27,18,9,10,0,0,45.0,22.0,28.0,24.0,38.0,45.0,1
31,31,Ogden,100,2,14400,93120,94320,21.87,22.2,26.65,30.0,31.3,35.0,98.0,50,50,1.0,04:00,25:52,9,15,24,24,12,16,0,0,30.0,26.0,30.0,20.5,30.0,30.0,1
38,38,Creditview,77,2,16200,88800,91920,20.17,21.03,31.44,30.0,42.0,50.0,75.0,38,39,0.97,04:30,24:40,7,13,23,16,10,8,0,0,24.0,28.0,35.0,30.0,32.0,46.0,1
90,90,Terragar-Copenhagen Loop,63,2,16500,84780,85860,18.97,19.27,36.08,30.0,50.0,54.0,61.0,30,33,0.91,04:35,23:33,6,11,17,16,8,5,0,0,25.0,30.0,50.0,30.0,37.5,46.0,1
73,73,Kamato,34,2,20700,69000,69540,13.42,13.57,31.7,31.5,39.1,43.0,30.0,17,17,1.0,05:45,19:10,2,12,4,15,1,0,0,0,,29.0,31.5,34.0,36.0,,1
15,15,Drew,65,2,18360,88800,90300,19.57,19.98,36.57,32.0,39.6,230.0,63.0,32,33,0.97,05:06,24:40,6,11,12,15,12,9,0,0,20.0,34.0,30.0,32.0,26.0,35.0,1
8,8,Cawthra,71,2,17760,85200,87180,18.73,19.28,31.99,35.0,42.2,45.0,69.0,35,36,0.97,04:56,23:40,4,13,26,13,9,6,0,0,29.0,31.0,35.0,39.0,40.0,42.0,1
29,29,Park Royal,68,2,15480,91020,93300,20.98,21.62,38.11,38.0,50.0,51.0,66.0,33,35,0.94,04:18,25:17,8,11,20,12,9,8,0,0,27.5,36.0,38.0,40.0,50.0,50.5,1
16,16,Malton,50,2,16500,85200,86940,19.08,19.57,40.94,40.0,44.0,44.0,48.0,24,26,0.92,04:35,23:40,3,9,17,11,7,3,0,0,30.0,41.0,40.0,44.0,40.0,40.0,1
43,43,Matheson,18,2,17400,71160,74640,14.93,15.9,40.38,40.0,42.0,42.0,16.0,9,9,1.0,04:50,19:46,2,5,3,6,2,0,0,0,40.0,40.0,40.0,40.0,41.0,,1
49,49,McDowell,52,2,21300,72000,73140,14.08,14.4,33.12,40.5,48.0,48.0,50.0,26,26,1.0,05:55,20:00,1,17,16,14,4,0,0,0,,15.5,46.0,36.0,38.5,,1
36,36,Ridgeway,66,2,20460,94500,96060,20.57,21.0,38.09,41.0,44.0,46.0,64.0,33,33,1.0,05:41,26:15,2,9,19,13,8,15,0,0,,40.0,44.0,44.0,41.0,34.0,1
14,14,Lorne Park,54,2,17040,85200,86280,18.93,19.23,43.1,43.5,58.0,64.0,52.0,27,27,1.0,04:44,23:40,6,10,16,11,7,4,0,0,36.5,32.5,57.0,40.0,53.0,53.0,1
46,46,Tenth Line,62,2,15300,91380,93060,21.13,21.6,41.22,44.0,48.0,50.0,60.0,30,32,0.94,04:15,25:23,5,10,18,10,8,11,0,0,45.0,41.0,44.0,48.0,44.0,40.0,1
4,4,North Service Road,55,2,16140,84840,87600,19.08,19.85,41.68,44.0,60.0,64.0,53.0,26,29,0.9,04:29,23:34,6,9,18,13,6,3,0,0,39.0,42.0,45.0,36.0,62.0,60.0,1
74,74,Explorer,33,2,18480,74520,75300,15.57,15.78,45.0,45.0,47.0,50.0,29.0,16,17,0.94,05:08,20:42,3,8,6,11,5,0,0,0,40.0,45.0,46.0,46.0,45.0,,1
30,30,Rexdale,48,2,16200,87720,89880,19.87,20.47,49.72,55.0,58.0,59.0,46.0,22,26,0.85,04:30,24:22,4,11,12,8,8,5,0,0,44.5,32.0,55.0,58.0,54.0,50.0,1
68,68,Terry Fox,34,2,18600,91080,92460,20.13,20.52,74.03,75.0,75.9,77.0,32.0,17,17,1.0,05:10,25:18,2,5,10,6,5,6,0,0,,70.0,75.0,75.0,74.0,75.0,1
315,315,Rick Hansen SS,3,2,28740,55260,56640,7.37,7.75,4.0,4.0,4.0,4.0,1.0,1,2,0.5,07:59,15:21,0,1,0,2,0,0,0,0,,,,4.0,,,0
302,302,Philip Pocock SS,2,1,51300,51720,54000,0.12,0.75,7.0,7.0,7.0,7.0,1.0,2,2,1.0,14:15,14:22,0,0,2,0,0,0,0,0,,,7.0,,,,0
135,135,Eglinton Express,54,2,21000,64800,68640,12.17,13.23,15.0,15.0,15.0,15.0,50.0,27,27,1.0,05:50,18:00,1,24,5,24,0,0,0,0,,15.0,15.0,15.0,,,0
70,70,Keaton,28,2,22200,66600,69360,12.33,13.1,16.92,15.0,20.0,21.0,26.0,13,15,0.87,06:10,18:30,0,11,4,13,0,0,0,0,,15.0,20.0,16.0,,,0
25,25,Traders Loop,21,1,21600,64680,65760,11.97,12.27,23.05,20.0,34.0,34.0,19.0,21,21,1.0,06:00,17:58,0,8,5,8,0,0,0,0,,20.0,20.0,20.0,,,0
71,71,Sheridan,8,2,26220,64200,67560,10.55,11.48,23.17,22.0,27.5,30.0,6.0,3,5,0.6,07:17,17:50,0,3,0,5,0,0,0,0,,24.5,,20.0,,,0
321,321,Stephen Lewis SS,5,2,28740,55500,57000,7.43,7.85,26.67,33.0,43.4,46.0,3.0,2,3,0.67,07:59,15:25,0,2,2,1,0,0,0,0,,33.0,1.0,46.0,,,0
24,24,Northwest,36,2,16800,65880,68340,13.63,14.32,39.94,35.0,37.0,213.0,33.0,17,19,0.89,04:40,18:18,4,10,10,12,0,0,0,0,34.0,35.0,35.0,36.0,,,0
313,313,Streetsville SS,3,2,27360,53040,54300,7.13,7.48,,,,,,1,2,0.5,07:36,14:44,0,1,2,0,0,0,0,0,,,,,,,0
307,307,Philip Pocock SS,2,2,25920,51720,53640,7.17,7.7,,,,,,1,1,1.0,07:12,14:22,0,1,1,0,0,0,0,0,,,,,,,0
312,312,Glenforest SS,2,2,28200,53700,55200,7.08,7.5,,,,,,1,1,1.0,07:50,14:55,0,1,1,0,0,0,0,0,,,,,,,0
314,314,Rick Hansen SS,2,2,29220,55260,56220,7.23,7.5,,,,,,1,1,1.0,08:07,15:21,0,1,0,1,0,0,0,0,,,,,,,0
304,304,Father Goetz SS,1,1,27780,27780,29100,0.0,0.37,,,,,,1,1,1.0,07:43,07:43,0,1,0,0,0,0,0,0,,,,,,,0
306,306,Streetsville SS,1,1,52740,52740,54120,0.0,0.38,,,,,,1,1,1.0,14:39,14:39,0,0,1,0,0,0,0,0,,,,,,,0
