route_id,route_short_name,route_long_name,scheduled_trips,directions,unique_shapes,avg_shape_path_km,median_shape_path_km,max_shape_path_km,avg_straight_line_km,avg_directness_ratio,unique_stops,total_stop_visits,avg_stops_per_trip,stops_per_km
25,25,Traders Loop,21.0,1.0,1.0,7.689,7.689,7.689,0.0,0.0,25,546,26.0,3.251
90,90,Terragar-Copenhagen Loop,63.0,2.0,4.0,7.316,7.292,7.853,0.02,0.003,63,1471,23.349,8.611
16,16,Malton,50.0,2.0,3.0,10.324,10.547,10.674,0.033,0.003,71,2116,42.32,6.877
304,304,Father Goetz SS,1.0,1.0,1.0,6.392,6.392,6.392,0.941,0.147,23,23,23.0,3.598
36,36,Ridgeway,66.0,2.0,2.0,12.262,12.262,12.987,2.235,0.183,75,2541,38.5,6.116
314,314,Rick Hansen SS,2.0,2.0,2.0,5.693,5.693,5.831,1.282,0.226,30,30,15.0,5.27
4,4,North Service Road,55.0,2.0,5.0,17.469,16.239,18.259,5.969,0.34,103,2586,47.018,5.896
29,29,Park Royal,68.0,2.0,3.0,14.709,13.437,16.789,5.18,0.36,96,3246,47.735,6.527
6,6,Credit Woodlands,93.0,2.0,3.0,11.176,10.302,12.087,4.154,0.373,85,3996,42.968,7.605
302,302,Philip Pocock SS,2.0,1.0,1.0,9.599,9.599,9.599,3.692,0.385,33,66,33.0,3.438
31,31,Ogden,100.0,2.0,2.0,7.963,7.963,7.978,3.334,0.419,45,2350,23.5,5.651
38,38,Creditview,77.0,2.0,4.0,25.376,23.07,25.781,10.662,0.423,147,5807,75.416,5.793
313,313,Streetsville SS,3.0,2.0,2.0,7.645,7.722,7.952,3.357,0.44,53,81,27.0,6.932
10,10,Bristol,102.0,2.0,3.0,20.427,20.444,20.595,9.056,0.443,142,7262,71.196,6.952
70,70,Keaton,28.0,2.0,2.0,24.47,24.492,24.799,10.951,0.448,40,840,30.0,1.635
321,321,Stephen Lewis SS,5.0,2.0,3.0,5.733,6.393,6.393,2.549,0.455,30,80,16.0,5.233
73,73,Kamato,34.0,2.0,2.0,5.497,5.497,6.625,2.462,0.468,33,578,17.0,6.003
110,110,University Express,118.0,2.0,4.0,19.179,15.247,21.966,8.755,0.468,18,1090,9.237,0.939
24,24,Northwest,36.0,2.0,2.0,15.913,15.927,16.17,7.566,0.476,90,1675,46.528,5.656
8,8,Cawthra,71.0,2.0,4.0,13.447,11.544,13.668,6.425,0.479,90,3204,45.127,6.693
30,30,Rexdale,48.0,2.0,4.0,13.872,13.929,14.524,6.812,0.492,84,2055,42.812,6.055
108,108,Financial Express,26.0,2.0,2.0,31.476,31.476,32.076,15.613,0.496,50,741,28.5,1.589
306,306,Streetsville SS,1.0,1.0,1.0,7.674,7.674,7.674,3.867,0.504,28,28,28.0,3.649
57,57,Courtneypark,116.0,2.0,5.0,23.345,23.515,27.791,11.905,0.513,86,4923,42.44,3.684
315,315,Rick Hansen SS,3.0,2.0,2.0,5.815,5.913,6.207,2.984,0.514,29,43,14.333,4.987
68,68,Terry Fox,34.0,2.0,2.0,10.274,10.274,10.558,5.369,0.523,56,969,28.5,5.451
46,46,Tenth Line,62.0,2.0,4.0,11.102,10.28,11.519,5.766,0.524,68,2106,33.968,6.125
109,109,Meadowvale Express,162.0,2.0,2.0,35.001,34.998,35.195,18.628,0.532,39,3240,20.0,1.114
7,7,Airport,108.0,2.0,2.0,25.829,25.829,25.859,14.181,0.549,108,5940,55.0,4.181
28,28,Confederation,129.0,2.0,5.0,6.976,6.984,8.527,3.811,0.552,54,3398,26.341,7.741
15,15,Drew,65.0,2.0,3.0,11.519,11.445,12.433,6.402,0.557,77,2487,38.262,6.685
74,74,Explorer,33.0,2.0,2.0,7.395,7.413,7.998,4.135,0.563,42,709,21.485,5.68
44,44,Mississauga Road,102.0,2.0,2.0,14.963,14.963,15.182,8.635,0.577,94,4845,47.5,6.282
48,48,Erin Mills,87.0,2.0,2.0,14.855,14.858,15.151,8.569,0.577,58,2567,29.506,3.904
9,9,Rathburn,98.0,2.0,2.0,16.503,16.503,16.507,9.741,0.59,87,4361,44.5,5.272
14,14,Lorne Park,54.0,2.0,3.0,11.056,9.122,17.62,6.006,0.591,88,2094,38.778,7.96
39,39,Britannia,96.0,2.0,5.0,27.356,27.267,27.938,16.133,0.591,160,7271,75.74,5.849
107,107,Malton Express,147.0,2.0,2.0,25.184,25.182,25.462,15.336,0.609,44,3381,23.0,1.747
49,49,McDowell,52.0,2.0,4.0,6.439,6.333,7.736,3.829,0.614,49,978,18.808,7.61
135,135,Eglinton Express,54.0,2.0,2.0,28.277,28.277,28.525,17.428,0.616,35,972,18.0,1.238
22,22,Finch,88.0,2.0,2.0,5.542,5.542,5.789,3.438,0.622,30,1408,16.0,5.413
45,45,Winston Churchill,103.0,2.0,4.0,19.421,19.047,19.949,12.825,0.661,116,4637,45.019,5.973
43,43,Matheson,18.0,2.0,2.0,24.192,24.192,24.224,16.039,0.663,136,1224,68.0,5.622
35,35,Eglinton,159.0,2.0,2.0,28.583,28.579,29.26,19.485,0.682,115,9302,58.503,4.023
71,71,Sheridan,8.0,2.0,2.0,24.918,25.052,25.588,17.184,0.69,40,197,24.625,1.605
61,61,Mavis,189.0,2.0,3.0,14.818,14.721,15.029,10.343,0.698,67,6500,34.392,4.521
18,18,Derry,90.0,2.0,2.0,15.625,15.625,16.163,11.017,0.706,66,3060,34.0,4.224
26,26,Burnhamthorpe,156.0,2.0,4.0,21.262,12.925,22.068,15.13,0.714,119,9193,58.929,5.597
307,307,Philip Pocock SS,2.0,2.0,2.0,10.035,10.035,10.079,7.198,0.717,67,67,33.5,6.677
3,3,Bloor,180.0,2.0,2.0,13.744,13.744,13.825,9.88,0.719,100,9090,50.5,7.276
20,20,Rathburn,104.0,2.0,2.0,13.664,13.665,13.699,9.867,0.722,75,3897,37.471,5.489
126,126,Burnhamthorpe Express,49.0,2.0,2.0,19.404,19.406,19.543,14.051,0.724,28,711,14.51,1.443
13,13,Glen Erin,102.0,2.0,4.0,17.105,15.203,17.236,12.717,0.743,101,5325,52.206,5.905
11,11,Westwood,172.0,2.0,2.0,16.843,16.842,16.952,12.615,0.749,31,2754,16.012,1.841
53,53,Kennedy,83.0,2.0,2.0,13.836,13.836,13.873,10.409,0.752,80,3403,41.0,5.782
312,312,Glenforest SS,2.0,2.0,2.0,7.357,7.357,7.403,5.566,0.757,47,47,23.5,6.388
2,2,Hurontario,232.0,2.0,3.0,8.31,8.229,8.407,6.414,0.772,55,6605,28.47,6.619
51,51,Tomken,129.0,2.0,5.0,17.27,11.041,18.228,13.529,0.783,81,5277,40.907,4.69
42,42,Derry,171.0,2.0,2.0,22.147,22.148,22.152,18.062,0.816,93,8027,46.942,4.199
1,1,Dundas,172.0,2.0,3.0,21.377,21.442,23.001,17.858,0.836,127,11138,64.756,5.941
5,5,Dixie,141.0,2.0,2.0,16.895,16.902,17.796,14.272,0.847,90,6481,45.965,5.327
101,101,Dundas Express,137.0,2.0,2.0,21.088,21.091,21.405,17.901,0.849,33,2397,17.496,1.565
23,23,Lakeshore,96.0,2.0,2.0,12.767,12.767,13.085,11.347,0.889,88,4512,47.0,6.893
17,17,Hurontario,146.0,2.0,2.0,9.303,9.304,9.376,8.269,0.889,45,3432,23.507,4.837
66,66,McLaughlin,202.0,2.0,2.0,11.482,11.483,11.518,10.36,0.902,61,6264,31.01,5.313
103,103,Hurontario Express,104.0,2.0,2.0,14.905,14.905,14.98,14.424,0.968,35,1872,18.0,2.348
