route_id,route_short_name,route_long_name,scheduled_trips,directions,avg_trip_distance_km,median_trip_distance_km,avg_duration_min,median_duration_min,p10_duration_min,p90_duration_min,avg_scheduled_speed_kmh,median_scheduled_speed_kmh,p10_scheduled_speed_kmh,p90_scheduled_speed_kmh,min_scheduled_speed_kmh,max_scheduled_speed_kmh,avg_stop_count,duration_spread_min,speed_spread_kmh,share_trips_under_15_kmh
315,315,Rick Hansen SS,3,2,5.82,5.62,23.33,23.0,23.0,23.8,14.95,14.66,14.66,15.35,14.66,15.52,14.33,0.8,0.69,0.67
321,321,Stephen Lewis SS,5,2,5.73,6.39,23.0,25.0,19.0,26.0,14.96,14.98,14.75,15.2,14.75,15.34,16.0,7.0,0.44,0.8
302,302,Philip Pocock SS,2,1,9.6,9.6,38.0,38.0,38.0,38.0,15.16,15.16,15.16,15.16,15.16,15.16,33.0,0.0,0.0,0.0
2,2,Hurontario,232,2,8.31,8.23,32.47,33.5,21.1,40.9,16.33,14.9,12.04,23.45,10.97,31.52,28.47,19.8,11.41,0.51
304,304,Father Goetz SS,1,1,6.39,6.39,22.0,22.0,22.0,22.0,17.43,17.43,17.43,17.43,17.43,17.43,23.0,0.0,0.0,0.0
312,312,Glenforest SS,2,2,7.36,7.36,25.0,25.0,25.0,25.0,17.66,17.66,17.57,17.75,17.55,17.77,23.5,0.0,0.18,0.0
28,28,Confederation,129,2,6.98,6.98,24.38,24.0,18.0,32.0,17.67,16.62,14.97,22.49,13.83,25.49,26.34,14.0,7.52,0.12
103,103,Hurontario Express,104,2,14.9,14.9,51.65,54.0,39.0,62.0,17.8,16.64,14.39,22.98,13.9,27.24,18.0,23.0,8.58,0.17
5,5,Dixie,141,2,16.9,16.01,58.26,58.0,46.0,69.0,17.81,16.95,15.47,21.36,14.63,33.12,45.96,23.0,5.88,0.04
6,6,Credit Woodlands,93,2,11.18,12.09,37.12,37.0,29.0,45.0,18.39,17.66,15.85,21.85,15.11,25.9,42.97,16.0,6.0,0.0
8,8,Cawthra,71,2,13.45,13.46,44.75,45.0,34.0,56.0,18.6,17.83,14.14,23.75,12.56,26.04,45.13,22.0,9.61,0.14
22,22,Finch,88,2,5.54,5.54,18.3,18.0,14.0,23.0,18.72,18.28,15.1,22.7,14.47,26.48,16.0,9.0,7.59,0.09
307,307,Philip Pocock SS,2,2,10.03,10.03,32.0,32.0,32.0,32.0,18.82,18.82,18.75,18.88,18.73,18.9,33.5,0.0,0.13,0.0
30,30,Rexdale,48,2,13.87,14.06,43.77,44.0,38.7,48.3,19.14,19.05,17.43,21.63,17.22,22.8,42.81,9.6,4.2,0.0
16,16,Malton,50,2,10.32,10.67,32.2,33.0,29.0,36.0,19.34,19.41,17.58,21.12,17.1,22.08,42.32,7.0,3.54,0.0
17,17,Hurontario,146,2,9.3,9.23,30.07,31.0,21.0,37.0,19.35,17.87,14.97,26.79,14.58,29.61,23.51,16.0,11.82,0.11
3,3,Bloor,180,2,13.74,13.74,43.66,45.0,33.0,51.0,19.36,18.22,16.07,24.84,15.18,30.72,50.5,18.0,8.77,0.0
18,18,Derry,90,2,15.63,15.63,48.59,49.0,42.0,54.0,19.42,19.54,17.32,21.55,16.76,22.63,34.0,12.0,4.24,0.0
53,53,Kennedy,83,2,13.84,13.8,43.13,43.0,37.0,50.8,19.52,19.25,16.3,22.47,16.23,25.22,41.0,13.8,6.17,0.0
46,46,Tenth Line,62,2,11.1,11.12,34.15,36.0,28.1,40.0,19.73,19.06,17.28,23.83,17.28,24.71,33.97,11.9,6.55,0.0
10,10,Bristol,102,2,20.43,20.52,62.78,63.5,53.1,70.9,19.78,19.17,17.4,22.88,16.48,27.26,71.2,17.8,5.48,0.0
4,4,North Service Road,55,2,17.47,17.95,53.45,56.0,47.4,59.0,19.86,19.23,18.25,22.25,17.67,25.08,47.02,11.6,4.0,0.0
306,306,Streetsville SS,1,1,7.67,7.67,23.0,23.0,23.0,23.0,20.02,20.02,20.02,20.02,20.02,20.02,28.0,0.0,0.0,0.0
13,13,Glen Erin,102,2,17.1,17.23,52.18,52.0,41.0,62.0,20.07,19.69,16.41,25.15,15.67,27.21,52.21,21.0,8.73,0.0
31,31,Ogden,100,2,7.96,7.96,23.78,24.0,21.0,26.0,20.23,19.95,18.34,22.79,17.66,25.19,23.5,5.0,4.46,0.0
48,48,Erin Mills,87,2,14.85,14.57,44.59,47.0,37.0,49.0,20.23,19.34,18.04,24.18,17.84,25.97,29.51,12.0,6.14,0.0
51,51,Tomken,129,2,17.27,16.87,51.91,54.0,42.0,60.0,20.24,19.84,17.45,24.09,15.7,28.72,40.91,18.0,6.65,0.0
313,313,Streetsville SS,3,2,7.65,7.49,22.67,21.0,21.0,25.0,20.39,21.41,18.96,21.41,18.35,21.41,27.0,4.0,2.44,0.0
9,9,Rathburn,98,2,16.5,16.5,48.88,50.0,39.7,55.0,20.57,19.8,18.0,24.94,17.37,27.51,44.5,15.3,6.94,0.0
38,38,Creditview,77,2,25.38,25.68,76.17,80.0,58.2,89.0,20.58,19.26,17.35,26.54,16.63,31.45,75.42,30.8,9.19,0.0
26,26,Burnhamthorpe,156,2,21.26,21.6,63.4,67.0,50.5,73.0,20.64,19.47,18.0,26.2,17.28,28.78,58.93,22.5,8.2,0.0
23,23,Lakeshore,96,2,12.77,12.77,37.57,39.0,30.0,43.5,20.88,19.15,17.62,26.17,16.6,29.08,47.0,13.5,8.55,0.0
66,66,McLaughlin,202,2,11.48,11.45,33.36,34.0,29.0,39.0,20.97,20.33,17.61,23.83,16.75,27.64,31.01,10.0,6.22,0.0
61,61,Mavis,189,2,14.82,14.72,43.29,44.0,32.0,54.0,21.32,20.07,16.66,27.06,16.06,33.97,34.39,22.0,10.4,0.0
101,101,Dundas Express,137,2,21.09,20.78,59.3,58.0,55.0,66.0,21.46,21.49,18.89,23.35,18.61,25.18,17.5,11.0,4.46,0.0
39,39,Britannia,96,2,27.36,27.71,77.2,81.0,63.0,90.0,21.65,20.52,18.35,26.4,17.82,29.93,75.74,27.0,8.05,0.0
90,90,Terragar-Copenhagen Loop,63,2,7.32,7.85,20.48,20.0,17.0,25.0,21.75,21.74,18.85,26.18,18.12,26.39,23.35,8.0,7.33,0.0
68,68,Terry Fox,34,2,10.27,10.27,28.71,29.0,24.0,33.0,21.77,21.41,18.87,25.74,18.63,27.54,28.5,9.0,6.86,0.0
1,1,Dundas,172,2,21.38,21.44,60.17,63.0,47.2,71.0,21.84,20.1,17.87,27.26,17.55,32.09,64.76,23.8,9.39,0.0
45,45,Winston Churchill,103,2,19.42,19.86,53.81,54.0,45.0,62.0,21.96,21.66,18.79,26.57,17.65,31.36,45.02,17.0,7.78,0.0
15,15,Drew,65,2,11.52,11.45,31.62,32.0,27.0,37.6,22.03,21.94,18.95,25.72,18.19,29.84,38.26,10.6,6.77,0.0
314,314,Rick Hansen SS,2,2,5.69,5.69,15.5,15.5,15.1,15.9,22.04,22.04,21.9,22.18,21.87,22.22,15.0,0.8,0.28,0.0
29,29,Park Royal,68,2,14.71,13.44,41.34,41.0,31.0,51.0,22.17,20.56,19.2,26.01,18.65,40.85,47.74,20.0,6.81,0.0
42,42,Derry,171,2,22.15,22.14,60.37,61.0,49.0,69.0,22.33,21.79,19.25,27.11,18.21,30.9,46.94,20.0,7.86,0.0
36,36,Ridgeway,66,2,12.26,12.26,33.24,35.0,27.0,37.0,22.42,21.65,19.23,26.62,18.71,29.97,38.5,10.0,7.4,0.0
20,20,Rathburn,104,2,13.66,13.63,37.07,38.0,29.3,43.0,22.51,21.63,19.12,27.92,17.4,29.36,37.47,13.7,8.8,0.0
24,24,Northwest,36,2,15.91,15.68,42.31,43.0,39.0,45.0,22.64,22.05,21.39,24.76,21.09,26.14,46.53,6.0,3.38,0.0
7,7,Airport,108,2,25.83,25.83,67.04,69.0,54.0,77.0,23.5,22.46,20.15,28.67,19.35,32.25,55.0,23.0,8.52,0.0
44,44,Mississauga Road,102,2,14.96,14.96,38.28,39.0,33.0,41.0,23.58,22.77,21.58,26.81,21.58,28.47,47.5,8.0,5.23,0.0
126,126,Burnhamthorpe Express,49,2,19.4,19.27,49.61,49.0,45.8,54.2,23.58,23.6,21.64,25.53,20.22,27.27,14.51,8.4,3.9,0.0
49,49,McDowell,52,2,6.44,6.33,16.67,16.0,12.0,23.0,23.8,24.25,20.18,27.05,18.14,28.66,18.81,11.0,6.87,0.0
25,25,Traders Loop,21,1,7.69,7.69,19.43,20.0,18.0,20.0,23.81,23.07,23.07,25.63,21.97,27.14,26.0,2.0,2.56,0.0
57,57,Courtneypark,116,2,23.34,23.52,59.03,58.0,49.5,69.0,24.02,23.52,20.33,28.79,19.02,32.07,42.44,19.5,8.47,0.0
43,43,Matheson,18,2,24.19,24.19,59.94,60.5,56.8,63.3,24.27,23.99,22.9,25.62,22.3,26.92,68.0,6.5,2.71,0.0
35,35,Eglinton,159,2,28.58,29.26,70.36,71.0,61.0,80.0,24.61,23.91,21.67,28.33,20.67,33.12,58.5,19.0,6.65,0.0
14,14,Lorne Park,54,2,11.06,9.12,25.65,22.0,19.0,40.0,25.88,25.92,22.81,29.93,21.05,31.09,38.78,21.0,7.12,0.0
107,107,Malton Express,147,2,25.18,25.46,58.03,58.0,51.6,65.0,26.25,26.21,23.2,29.38,22.3,31.83,23.0,13.4,6.18,0.0
74,74,Explorer,33,2,7.39,6.83,16.39,17.0,14.0,19.0,27.36,26.66,25.26,31.06,22.76,37.24,21.48,5.0,5.8,0.0
135,135,Eglinton Express,54,2,28.28,28.28,62.0,62.0,60.0,64.0,27.39,27.39,26.74,28.03,26.74,28.03,18.0,4.0,1.29,0.0
73,73,Kamato,34,2,5.5,5.5,11.94,11.5,8.0,15.7,27.96,27.45,24.13,32.77,23.38,33.13,17.0,7.7,8.63,0.0
71,71,Sheridan,8,2,24.92,24.52,53.0,56.0,46.7,58.0,28.53,26.27,25.36,32.88,25.36,33.38,24.62,11.3,7.52,0.0
110,110,University Express,118,2,19.18,18.83,37.47,40.0,17.7,45.0,31.64,30.65,26.28,39.43,24.56,43.73,9.24,27.3,13.15,0.0
70,70,Keaton,28,2,24.47,24.19,46.25,46.5,37.7,55.3,32.43,31.21,26.24,39.47,25.91,40.21,30.0,17.6,13.23,0.0
109,109,Meadowvale Express,162,2,35.0,35.2,60.47,61.0,53.0,68.0,35.02,34.23,31.05,39.8,30.6,43.1,20.0,15.0,8.74,0.0
11,11,Westwood,172,2,16.84,16.95,28.75,29.0,25.0,33.0,35.64,35.07,30.82,40.68,27.89,47.81,16.01,8.0,9.86,0.0
108,108,Financial Express,26,2,31.48,31.48,50.46,49.5,42.0,61.5,38.17,37.82,31.3,44.46,30.55,48.75,28.5,19.5,13.17,0.0
