route_id,route_short_name,route_long_name,service_period,avg_headway_min,median_headway_min,p90_headway_min,headway_observations
1,1,Dundas,early morning,22.5,22.5,30.0,20
1,1,Dundas,AM peak,15.0,15.0,15.0,24
1,1,Dundas,midday,15.0,15.0,15.0,48
1,1,Dundas,PM peak,15.25,15.0,16.0,32
1,1,Dundas,evening,15.416666666666666,15.0,16.0,24
1,1,Dundas,late night,19.5,20.0,20.0,22
1,1,Dundas,other,,,,0
1,1,Dundas,unknown,,,,0
2,2,Hurontario,early morning,17.44,18.0,20.0,25
2,2,Hurontario,AM peak,10.647058823529411,12.0,12.0,34
2,2,Hurontario,midday,11.21875,12.0,12.0,64
2,2,Hurontario,PM peak,9.72,10.0,10.0,50
2,2,Hurontario,evening,11.6,12.0,14.0,30
2,2,Hurontario,late night,18.76923076923077,19.0,20.0,26
2,2,Hurontario,other,,,,0
2,2,Hurontario,unknown,,,,0
3,3,Bloor,early morning,21.65,20.0,30.0,20
3,3,Bloor,AM peak,11.483870967741936,10.0,15.0,31
3,3,Bloor,midday,13.673076923076923,14.0,15.0,52
3,3,Bloor,PM peak,12.41025641025641,12.0,15.0,39
3,3,Bloor,evening,18.210526315789473,20.0,20.0,19
3,3,Bloor,late night,29.705882352941178,30.0,30.0,17
3,3,Bloor,other,,,,0
3,3,Bloor,unknown,,,,0
4,4,North Service Road,early morning,32.75,39.0,43.1,4
4,4,North Service Road,AM peak,38.22222222222222,42.0,44.4,9
4,4,North Service Road,midday,41.22222222222222,45.0,46.0,18
4,4,North Service Road,PM peak,35.84615384615385,36.0,38.0,13
4,4,North Service Road,evening,57.666666666666664,62.0,64.0,6
4,4,North Service Road,late night,60.0,60.0,60.0,3
4,4,North Service Road,other,,,,0
4,4,North Service Road,unknown,,,,0
5,5,Dixie,early morning,22.4,23.5,26.4,10
5,5,Dixie,AM peak,15.041666666666666,15.0,15.0,24
5,5,Dixie,midday,14.795918367346939,15.0,15.0,49
5,5,Dixie,PM peak,16.0,15.0,20.0,30
5,5,Dixie,evening,25.53846153846154,25.0,30.0,13
5,5,Dixie,late night,37.15384615384615,38.0,39.6,13
5,5,Dixie,other,,,,0
5,5,Dixie,unknown,,,,0
6,6,Credit Woodlands,early morning,23.0,27.0,28.0,4
6,6,Credit Woodlands,AM peak,27.384615384615383,30.0,30.0,13
6,6,Credit Woodlands,midday,27.692307692307693,30.0,30.0,26
6,6,Credit Woodlands,PM peak,24.8,26.0,26.200000000000003,20
6,6,Credit Woodlands,evening,27.846153846153847,28.0,30.0,13
6,6,Credit Woodlands,late night,33.13333333333333,36.0,38.0,15
6,6,Credit Woodlands,other,,,,0
6,6,Credit Woodlands,unknown,,,,0
7,7,Airport,early morning,28.666666666666668,23.0,40.0,15
7,7,Airport,AM peak,23.2,24.0,26.0,15
7,7,Airport,midday,24.93103448275862,25.0,30.0,29
7,7,Airport,PM peak,25.42105263157895,26.0,26.0,19
7,7,Airport,evening,25.785714285714285,25.0,31.60000000000001,14
7,7,Airport,late night,32.285714285714285,34.0,35.0,14
7,7,Airport,other,,,,0
7,7,Airport,unknown,,,,0
8,8,Cawthra,early morning,29.0,29.0,29.0,2
8,8,Cawthra,AM peak,26.307692307692307,31.0,36.6,13
8,8,Cawthra,midday,28.23076923076923,35.0,38.0,26
8,8,Cawthra,PM peak,36.61538461538461,39.0,43.0,13
8,8,Cawthra,evening,38.22222222222222,40.0,44.2,9
8,8,Cawthra,late night,42.166666666666664,42.0,42.5,6
8,8,Cawthra,other,,,,0
8,8,Cawthra,unknown,,,,0
9,9,Rathburn,early morning,21.285714285714285,20.0,23.6,7
9,9,Rathburn,AM peak,22.866666666666667,22.0,27.0,15
9,9,Rathburn,midday,26.74074074074074,28.0,30.0,27
9,9,Rathburn,PM peak,26.22222222222222,26.5,30.0,18
9,9,Rathburn,evening,28.076923076923077,27.0,32.0,13
9,9,Rathburn,late night,31.5625,27.0,45.0,16
9,9,Rathburn,other,,,,0
9,9,Rathburn,unknown,,,,0
10,10,Bristol,early morning,21.0,21.0,22.0,5
10,10,Bristol,AM peak,23.0,25.0,26.0,17
10,10,Bristol,midday,23.466666666666665,25.0,26.0,30
10,10,Bristol,PM peak,23.238095238095237,22.0,27.0,21
10,10,Bristol,evening,24.53846153846154,23.0,33.2,13
10,10,Bristol,late night,31.0,31.0,34.0,14
10,10,Bristol,other,,,,0
10,10,Bristol,unknown,,,,0
11,11,Westwood,early morning,15.555555555555555,14.0,17.200000000000003,9
11,11,Westwood,AM peak,11.516129032258064,11.0,15.0,31
11,11,Westwood,midday,14.83673469387755,15.0,15.0,49
11,11,Westwood,PM peak,12.61111111111111,12.0,15.0,36
11,11,Westwood,evening,18.4,18.0,19.0,20
11,11,Westwood,late night,25.72,24.0,30.0,25
11,11,Westwood,other,,,,0
11,11,Westwood,unknown,,,,0
13,13,Glen Erin,early morning,22.285714285714285,24.0,24.0,7
13,13,Glen Erin,AM peak,21.647058823529413,26.0,28.0,17
13,13,Glen Erin,midday,23.466666666666665,25.0,28.0,30
13,13,Glen Erin,PM peak,24.1,24.0,26.0,20
13,13,Glen Erin,evening,25.714285714285715,26.0,30.0,14
13,13,Glen Erin,late night,46.5,50.0,52.0,12
13,13,Glen Erin,other,,,,0
13,13,Glen Erin,unknown,,,,0
14,14,Lorne Park,early morning,35.5,36.5,37.7,4
14,14,Lorne Park,AM peak,31.6,32.5,42.599999999999994,10
14,14,Lorne Park,midday,46.4375,57.0,58.0,16
14,14,Lorne Park,PM peak,41.0,40.0,45.0,11
14,14,Lorne Park,evening,53.857142857142854,53.0,55.2,7
14,14,Lorne Park,late night,53.0,53.0,53.0,4
14,14,Lorne Park,other,,,,0
14,14,Lorne Park,unknown,,,,0
15,15,Drew,early morning,17.75,20.0,21.4,4
15,15,Drew,AM peak,33.27272727272727,34.0,35.0,11
15,15,Drew,midday,59.583333333333336,30.0,167.10000000000005,12
15,15,Drew,PM peak,31.733333333333334,32.0,34.6,15
15,15,Drew,evening,30.166666666666668,26.0,40.0,12
15,15,Drew,late night,34.888888888888886,35.0,40.0,9
15,15,Drew,other,,,,0
15,15,Drew,unknown,,,,0
16,16,Malton,early morning,30.0,30.0,30.0,2
16,16,Malton,AM peak,39.875,41.0,44.0,8
16,16,Malton,midday,41.64705882352941,40.0,44.0,17
16,16,Malton,PM peak,43.45454545454545,44.0,44.0,11
16,16,Malton,evening,40.0,40.0,40.0,7
16,16,Malton,late night,40.0,40.0,40.0,3
16,16,Malton,other,,,,0
16,16,Malton,unknown,,,,0
17,17,Hurontario,early morning,28.133333333333333,28.0,29.2,15
17,17,Hurontario,AM peak,21.38888888888889,20.0,23.700000000000006,18
17,17,Hurontario,midday,19.97222222222222,21.0,21.0,36
17,17,Hurontario,PM peak,14.878787878787879,15.0,16.0,33
17,17,Hurontario,evening,14.36,15.0,15.0,25
17,17,Hurontario,late night,26.176470588235293,30.0,30.0,17
17,17,Hurontario,other,,,,0
17,17,Hurontario,unknown,,,,0
18,18,Derry,early morning,13.833333333333334,14.0,14.5,6
18,18,Derry,AM peak,14.916666666666666,15.0,15.0,24
18,18,Derry,midday,31.26086956521739,15.0,16.0,23
18,18,Derry,PM peak,15.0,15.0,15.0,32
18,18,Derry,evening,15.0,15.0,15.0,3
18,18,Derry,late night,,,,0
18,18,Derry,other,,,,0
18,18,Derry,unknown,,,,0
20,20,Rathburn,early morning,20.333333333333332,20.0,21.0,6
20,20,Rathburn,AM peak,21.88235294117647,24.0,24.0,17
20,20,Rathburn,midday,22.12121212121212,24.0,24.0,33
20,20,Rathburn,PM peak,21.272727272727273,22.0,22.0,22
20,20,Rathburn,evening,25.846153846153847,18.0,40.0,13
20,20,Rathburn,late night,37.81818181818182,38.0,40.0,11
20,20,Rathburn,other,,,,0
20,20,Rathburn,unknown,,,,0
22,22,Finch,early morning,41.0,41.0,41.7,4
22,22,Finch,AM peak,23.466666666666665,24.0,25.0,15
22,22,Finch,midday,24.724137931034484,25.0,26.0,29
22,22,Finch,PM peak,26.61111111111111,27.0,27.0,18
22,22,Finch,evening,36.8,44.0,44.0,10
22,22,Finch,late night,42.4,43.5,44.0,10
22,22,Finch,other,,,,0
22,22,Finch,unknown,,,,0
23,23,Lakeshore,early morning,22.0,21.5,26.0,6
23,23,Lakeshore,AM peak,23.875,24.0,26.0,16
23,23,Lakeshore,midday,24.82758620689655,26.0,26.0,29
23,23,Lakeshore,PM peak,27.058823529411764,28.0,28.0,17
23,23,Lakeshore,evening,30.666666666666668,30.0,35.400000000000006,12
23,23,Lakeshore,late night,38.142857142857146,39.0,42.800000000000004,14
23,23,Lakeshore,other,,,,0
23,23,Lakeshore,unknown,,,,0
24,24,Northwest,early morning,34.0,34.0,37.2,2
24,24,Northwest,AM peak,34.3,35.0,37.0,10
24,24,Northwest,midday,53.22222222222222,35.0,70.60000000000002,9
24,24,Northwest,PM peak,35.666666666666664,36.0,36.0,12
24,24,Northwest,evening,,,,0
24,24,Northwest,late night,,,,0
24,24,Northwest,other,,,,0
24,24,Northwest,unknown,,,,0
25,25,Traders Loop,early morning,,,,0
25,25,Traders Loop,AM peak,22.714285714285715,20.0,31.4,7
25,25,Traders Loop,midday,23.25,20.0,30.1,4
25,25,Traders Loop,PM peak,23.25,20.0,34.0,8
25,25,Traders Loop,evening,,,,0
25,25,Traders Loop,late night,,,,0
25,25,Traders Loop,other,,,,0
25,25,Traders Loop,unknown,,,,0
26,26,Burnhamthorpe,early morning,16.583333333333332,19.0,22.0,12
26,26,Burnhamthorpe,AM peak,15.12,14.0,19.20000000000001,25
26,26,Burnhamthorpe,midday,14.64,15.0,15.0,50
26,26,Burnhamthorpe,PM peak,14.5,14.5,15.0,32
26,26,Burnhamthorpe,evening,21.529411764705884,24.0,26.0,17
26,26,Burnhamthorpe,late night,30.333333333333332,30.0,34.0,18
26,26,Burnhamthorpe,other,,,,0
26,26,Burnhamthorpe,unknown,,,,0
28,28,Confederation,early morning,14.714285714285714,15.0,15.4,7
28,28,Confederation,AM peak,14.28,15.0,18.0,25
28,28,Confederation,midday,19.18421052631579,20.0,20.300000000000004,38
28,28,Confederation,PM peak,17.185185185185187,18.0,20.0,27
28,28,Confederation,evening,20.22222222222222,20.0,27.3,18
28,28,Confederation,late night,24.416666666666668,24.0,26.0,12
28,28,Confederation,other,,,,0
28,28,Confederation,unknown,,,,0
29,29,Park Royal,early morning,25.833333333333332,27.5,34.5,6
29,29,Park Royal,AM peak,33.09090909090909,36.0,38.0,11
29,29,Park Royal,midday,36.1,38.0,38.0,20
29,29,Park Royal,PM peak,39.5,40.0,40.0,12
29,29,Park Royal,evening,44.22222222222222,50.0,51.0,9
29,29,Park Royal,late night,50.25,50.5,51.0,8
29,29,Park Royal,other,,,,0
29,29,Park Royal,unknown,,,,0
30,30,Rexdale,early morning,44.5,44.5,52.1,2
30,30,Rexdale,AM peak,36.0,32.0,55.0,11
30,30,Rexdale,midday,55.083333333333336,55.0,55.0,12
30,30,Rexdale,PM peak,57.75,58.0,59.0,8
30,30,Rexdale,evening,54.125,54.0,59.0,8
30,30,Rexdale,late night,49.2,50.0,50.0,5
30,30,Rexdale,other,,,,0
30,30,Rexdale,unknown,,,,0
31,31,Ogden,early morning,29.857142857142858,30.0,33.0,7
31,31,Ogden,AM peak,24.0,26.0,31.6,15
31,31,Ogden,midday,29.916666666666668,30.0,34.7,24
31,31,Ogden,PM peak,20.416666666666668,20.5,22.7,24
31,31,Ogden,evening,29.666666666666668,30.0,30.9,12
31,31,Ogden,late night,29.9375,30.0,30.5,16
31,31,Ogden,other,,,,0
31,31,Ogden,unknown,,,,0
35,35,Eglinton,early morning,16.857142857142858,15.0,22.1,14
35,35,Eglinton,AM peak,14.875,15.0,16.0,24
35,35,Eglinton,midday,14.62,15.0,15.100000000000001,50
35,35,Eglinton,PM peak,14.5625,15.0,15.0,32
35,35,Eglinton,evening,16.818181818181817,15.0,20.0,22
35,35,Eglinton,late night,31.333333333333332,30.0,34.6,15
35,35,Eglinton,other,,,,0
35,35,Eglinton,unknown,,,,0
36,36,Ridgeway,early morning,,,,0
36,36,Ridgeway,AM peak,36.666666666666664,40.0,42.4,9
36,36,Ridgeway,midday,37.78947368421053,44.0,44.0,19
36,36,Ridgeway,PM peak,40.92307692307692,44.0,46.0,13
36,36,Ridgeway,evening,41.5,41.0,44.0,8
36,36,Ridgeway,late night,35.06666666666667,34.0,38.0,15
36,36,Ridgeway,other,,,,0
36,36,Ridgeway,unknown,,,,0
38,38,Creditview,early morning,20.0,24.0,27.2,5
38,38,Creditview,AM peak,27.23076923076923,28.0,30.0,13
38,38,Creditview,midday,31.391304347826086,35.0,40.0,23
38,38,Creditview,PM peak,29.75,30.0,30.0,16
38,38,Creditview,evening,33.6,32.0,41.0,10
38,38,Creditview,late night,46.25,46.0,50.0,8
38,38,Creditview,other,,,,0
38,38,Creditview,unknown,,,,0
39,39,Britannia,early morning,17.625,17.0,21.0,8
39,39,Britannia,AM peak,21.235294117647058,20.0,24.0,17
39,39,Britannia,midday,30.608695652173914,35.0,37.0,23
39,39,Britannia,PM peak,20.5,21.0,22.7,24
39,39,Britannia,evening,30.90909090909091,33.0,42.0,11
39,39,Britannia,late night,37.09090909090909,38.0,38.0,11
39,39,Britannia,other,,,,0
39,39,Britannia,unknown,,,,0
42,42,Derry,early morning,20.0,20.0,22.0,11
42,42,Derry,AM peak,15.0,15.0,15.0,24
42,42,Derry,midday,15.0,15.0,15.0,48
42,42,Derry,PM peak,15.0,15.0,15.0,32
42,42,Derry,evening,15.0,15.0,15.0,24
42,42,Derry,late night,15.0,15.0,15.0,30
42,42,Derry,other,,,,0
42,42,Derry,unknown,,,,0
43,43,Matheson,early morning,40.0,40.0,40.0,1
43,43,Matheson,AM peak,40.0,40.0,40.0,5
43,43,Matheson,midday,40.0,40.0,40.0,2
43,43,Matheson,PM peak,40.666666666666664,40.0,42.0,6
43,43,Matheson,evening,41.0,41.0,41.8,2
43,43,Matheson,late night,,,,0
43,43,Matheson,other,,,,0
43,43,Matheson,unknown,,,,0
44,44,Mississauga Road,early morning,21.5,22.0,22.0,4
44,44,Mississauga Road,AM peak,19.470588235294116,16.0,26.8,17
44,44,Mississauga Road,midday,22.5625,25.0,26.0,32
44,44,Mississauga Road,PM peak,20.166666666666668,16.0,27.4,24
44,44,Mississauga Road,evening,25.0,26.0,36.400000000000006,13
44,44,Mississauga Road,late night,47.7,48.0,50.0,10
44,44,Mississauga Road,other,,,,0
44,44,Mississauga Road,unknown,,,,0
45,45,Winston Churchill,early morning,26.8,30.0,35.4,5
45,45,Winston Churchill,AM peak,19.31578947368421,20.0,20.799999999999997,19
45,45,Winston Churchill,midday,26.22222222222222,30.0,32.0,27
45,45,Winston Churchill,PM peak,17.678571428571427,18.0,20.0,28
45,45,Winston Churchill,evening,23.285714285714285,22.0,29.400000000000002,14
45,45,Winston Churchill,late night,29.25,30.0,30.0,8
45,45,Winston Churchill,other,,,,0
45,45,Winston Churchill,unknown,,,,0
46,46,Tenth Line,early morning,45.0,45.0,49.0,3
46,46,Tenth Line,AM peak,34.4,41.0,46.0,10
46,46,Tenth Line,midday,41.611111111111114,44.0,46.0,18
46,46,Tenth Line,PM peak,44.3,48.0,48.0,10
46,46,Tenth Line,evening,44.5,44.0,46.0,8
46,46,Tenth Line,late night,40.54545454545455,40.0,42.0,11
46,46,Tenth Line,other,,,,0
46,46,Tenth Line,unknown,,,,0
48,48,Erin Mills,early morning,38.6,45.0,45.0,5
48,48,Erin Mills,AM peak,21.75,22.0,24.0,16
48,48,Erin Mills,midday,27.40740740740741,28.0,30.0,27
48,48,Erin Mills,PM peak,26.0,24.0,31.60000000000001,18
48,48,Erin Mills,evening,37.333333333333336,38.0,40.0,9
48,48,Erin Mills,late night,42.0,45.0,45.0,10
48,48,Erin Mills,other,,,,0
48,48,Erin Mills,unknown,,,,0
49,49,McDowell,early morning,,,,0
49,49,McDowell,AM peak,19.3125,15.5,31.5,16
49,49,McDowell,midday,45.875,46.0,48.0,16
49,49,McDowell,PM peak,32.642857142857146,36.0,47.7,14
49,49,McDowell,evening,39.0,38.5,42.8,4
49,49,McDowell,late night,,,,0
49,49,McDowell,other,,,,0
49,49,McDowell,unknown,,,,0
51,51,Tomken,early morning,14.9,15.5,19.1,10
51,51,Tomken,AM peak,13.807692307692308,14.0,15.0,26
51,51,Tomken,midday,21.235294117647058,25.0,30.0,34
51,51,Tomken,PM peak,13.371428571428572,13.0,14.200000000000003,35
51,51,Tomken,evening,32.81818181818182,26.0,52.0,11
51,51,Tomken,late night,48.4,48.0,50.2,10
51,51,Tomken,other,,,,0
51,51,Tomken,unknown,,,,0
53,53,Kennedy,early morning,19.75,18.5,22.5,4
53,53,Kennedy,AM peak,21.75,22.0,24.0,16
53,53,Kennedy,midday,30.25,34.0,36.8,24
53,53,Kennedy,PM peak,21.130434782608695,20.0,22.0,23
53,53,Kennedy,evening,44.57142857142857,48.0,50.0,7
53,53,Kennedy,late night,44.285714285714285,44.0,46.0,7
53,53,Kennedy,other,,,,0
53,53,Kennedy,unknown,,,,0
57,57,Courtneypark,early morning,14.545454545454545,13.0,19.0,11
57,57,Courtneypark,AM peak,12.758620689655173,12.0,14.0,29
57,57,Courtneypark,midday,19.97222222222222,24.0,26.0,36
57,57,Courtneypark,PM peak,14.0,13.0,18.0,33
57,57,Courtneypark,evening,20.4,20.0,23.2,5
57,57,Courtneypark,late night,,,,0
57,57,Courtneypark,other,,,,0
57,57,Courtneypark,unknown,,,,0
61,61,Mavis,early morning,16.692307692307693,16.0,20.0,13
61,61,Mavis,AM peak,13.73076923076923,14.0,15.0,26
61,61,Mavis,midday,13.76923076923077,14.0,15.0,52
61,61,Mavis,PM peak,13.514285714285714,13.0,14.0,35
61,61,Mavis,evening,13.464285714285714,14.0,14.0,28
61,61,Mavis,late night,16.78787878787879,15.0,20.0,33
61,61,Mavis,other,,,,0
61,61,Mavis,unknown,,,,0
66,66,McLaughlin,early morning,11.909090909090908,11.0,15.0,11
66,66,McLaughlin,AM peak,11.3125,11.0,12.0,32
66,66,McLaughlin,midday,11.412698412698413,12.0,12.0,63
66,66,McLaughlin,PM peak,10.577777777777778,11.0,11.0,45
66,66,McLaughlin,evening,13.576923076923077,14.0,15.0,26
66,66,McLaughlin,late night,17.391304347826086,17.0,18.0,23
66,66,McLaughlin,other,,,,0
66,66,McLaughlin,unknown,,,,0
68,68,Terry Fox,early morning,,,,0
68,68,Terry Fox,AM peak,70.8,70.0,72.2,5
68,68,Terry Fox,midday,74.6,75.0,76.1,10
68,68,Terry Fox,PM peak,75.33333333333333,75.0,76.5,6
68,68,Terry Fox,evening,74.2,74.0,75.0,5
68,68,Terry Fox,late night,74.33333333333333,75.0,75.0,6
68,68,Terry Fox,other,,,,0
68,68,Terry Fox,unknown,,,,0
70,70,Keaton,early morning,,,,0
70,70,Keaton,AM peak,16.0,15.0,19.2,10
70,70,Keaton,midday,20.0,20.0,20.0,3
70,70,Keaton,PM peak,16.923076923076923,16.0,20.0,13
70,70,Keaton,evening,,,,0
70,70,Keaton,late night,,,,0
70,70,Keaton,other,,,,0
70,70,Keaton,unknown,,,,0
71,71,Sheridan,early morning,,,,0
71,71,Sheridan,AM peak,24.5,24.5,24.9,2
71,71,Sheridan,midday,,,,0
71,71,Sheridan,PM peak,22.5,20.0,27.0,4
71,71,Sheridan,evening,,,,0
71,71,Sheridan,late night,,,,0
71,71,Sheridan,other,,,,0
71,71,Sheridan,unknown,,,,0
73,73,Kamato,early morning,,,,0
73,73,Kamato,AM peak,29.333333333333332,29.0,37.6,12
73,73,Kamato,midday,31.5,31.5,37.7,4
73,73,Kamato,PM peak,33.61538461538461,34.0,41.6,13
73,73,Kamato,evening,36.0,36.0,36.0,1
73,73,Kamato,late night,,,,0
73,73,Kamato,other,,,,0
73,73,Kamato,unknown,,,,0
74,74,Explorer,early morning,40.0,40.0,40.0,1
74,74,Explorer,AM peak,44.75,45.0,46.0,8
74,74,Explorer,midday,46.75,46.0,48.8,4
74,74,Explorer,PM peak,45.54545454545455,46.0,47.0,11
74,74,Explorer,evening,43.8,45.0,45.0,5
74,74,Explorer,late night,,,,0
74,74,Explorer,other,,,,0
74,74,Explorer,unknown,,,,0
90,90,Terragar-Copenhagen Loop,early morning,26.25,25.0,28.5,4
90,90,Terragar-Copenhagen Loop,AM peak,29.818181818181817,30.0,30.0,11
90,90,Terragar-Copenhagen Loop,midday,44.470588235294116,50.0,50.0,17
90,90,Terragar-Copenhagen Loop,PM peak,30.0,30.0,30.0,16
90,90,Terragar-Copenhagen Loop,evening,38.0,37.5,46.0,8
90,90,Terragar-Copenhagen Loop,late night,45.6,46.0,46.6,5
90,90,Terragar-Copenhagen Loop,other,,,,0
90,90,Terragar-Copenhagen Loop,unknown,,,,0
101,101,Dundas Express,early morning,20.0,15.0,27.0,7
101,101,Dundas Express,AM peak,15.0,15.0,15.0,24
101,101,Dundas Express,midday,14.979166666666666,15.0,15.0,48
101,101,Dundas Express,PM peak,15.633333333333333,15.0,18.0,30
101,101,Dundas Express,evening,18.526315789473685,18.0,20.0,19
101,101,Dundas Express,late night,26.428571428571427,25.0,30.0,7
101,101,Dundas Express,other,,,,0
101,101,Dundas Express,unknown,,,,0
103,103,Hurontario Express,early morning,24.285714285714285,25.0,27.0,7
103,103,Hurontario Express,AM peak,16.857142857142858,15.0,20.0,21
103,103,Hurontario Express,midday,27.692307692307693,28.0,30.0,26
103,103,Hurontario Express,PM peak,18.076923076923077,16.0,23.0,26
103,103,Hurontario Express,evening,28.0,28.0,36.400000000000006,13
103,103,Hurontario Express,late night,42.77777777777778,42.0,51.0,9
103,103,Hurontario Express,other,,,,0
103,103,Hurontario Express,unknown,,,,0
107,107,Malton Express,early morning,19.166666666666668,15.0,27.5,6
107,107,Malton Express,AM peak,14.48,15.0,15.0,25
107,107,Malton Express,midday,14.9375,15.0,15.0,48
107,107,Malton Express,PM peak,11.925,12.0,12.0,40
107,107,Malton Express,evening,19.5,20.0,20.0,18
107,107,Malton Express,late night,21.875,20.0,25.0,8
107,107,Malton Express,other,,,,0
107,107,Malton Express,unknown,,,,0
108,108,Financial Express,early morning,30.0,30.0,30.0,1
108,108,Financial Express,AM peak,21.625,22.5,30.0,8
108,108,Financial Express,midday,29.666666666666668,30.0,30.0,3
108,108,Financial Express,PM peak,22.1,23.0,30.0,10
108,108,Financial Express,evening,30.0,30.0,30.0,2
108,108,Financial Express,late night,,,,0
108,108,Financial Express,other,,,,0
108,108,Financial Express,unknown,,,,0
109,109,Meadowvale Express,early morning,22.5,25.0,25.0,6
109,109,Meadowvale Express,AM peak,12.586206896551724,10.0,15.0,29
109,109,Meadowvale Express,midday,14.3,15.0,15.0,50
109,109,Meadowvale Express,PM peak,11.595238095238095,10.0,15.0,42
109,109,Meadowvale Express,evening,14.708333333333334,15.0,15.0,24
109,109,Meadowvale Express,late night,18.333333333333332,18.0,20.4,9
109,109,Meadowvale Express,other,,,,0
109,109,Meadowvale Express,unknown,,,,0
110,110,University Express,early morning,16.083333333333332,17.5,18.9,12
110,110,University Express,AM peak,20.77777777777778,21.0,23.6,18
110,110,University Express,midday,21.08823529411765,21.0,22.0,34
110,110,University Express,PM peak,22.428571428571427,22.0,23.0,21
110,110,University Express,evening,23.066666666666666,21.0,30.6,15
110,110,University Express,late night,26.5625,24.0,29.5,16
110,110,University Express,other,,,,0
110,110,University Express,unknown,,,,0
126,126,Burnhamthorpe Express,early morning,,,,0
126,126,Burnhamthorpe Express,AM peak,20.0,20.0,20.0,12
126,126,Burnhamthorpe Express,midday,20.0,20.0,20.0,9
126,126,Burnhamthorpe Express,PM peak,20.869565217391305,20.0,22.0,23
126,126,Burnhamthorpe Express,evening,20.0,20.0,20.0,1
126,126,Burnhamthorpe Express,late night,,,,0
126,126,Burnhamthorpe Express,other,,,,0
126,126,Burnhamthorpe Express,unknown,,,,0
135,135,Eglinton Express,early morning,,,,0
135,135,Eglinton Express,AM peak,15.0,15.0,15.0,23
135,135,Eglinton Express,midday,15.0,15.0,15.0,3
135,135,Eglinton Express,PM peak,15.0,15.0,15.0,24
135,135,Eglinton Express,evening,,,,0
135,135,Eglinton Express,late night,,,,0
135,135,Eglinton Express,other,,,,0
135,135,Eglinton Express,unknown,,,,0
302,302,Philip Pocock SS,early morning,,,,0
302,302,Philip Pocock SS,AM peak,,,,0
302,302,Philip Pocock SS,midday,7.0,7.0,7.0,1
302,302,Philip Pocock SS,PM peak,,,,0
302,302,Philip Pocock SS,evening,,,,0
302,302,Philip Pocock SS,late night,,,,0
302,302,Philip Pocock SS,other,,,,0
302,302,Philip Pocock SS,unknown,,,,0
315,315,Rick Hansen SS,early morning,,,,0
315,315,Rick Hansen SS,AM peak,,,,0
315,315,Rick Hansen SS,midday,,,,0
315,315,Rick Hansen SS,PM peak,4.0,4.0,4.0,1
315,315,Rick Hansen SS,evening,,,,0
315,315,Rick Hansen SS,late night,,,,0
315,315,Rick Hansen SS,other,,,,0
315,315,Rick Hansen SS,unknown,,,,0
321,321,Stephen Lewis SS,early morning,,,,0
321,321,Stephen Lewis SS,AM peak,33.0,33.0,33.0,1
321,321,Stephen Lewis SS,midday,1.0,1.0,1.0,1
321,321,Stephen Lewis SS,PM peak,46.0,46.0,46.0,1
321,321,Stephen Lewis SS,evening,,,,0
321,321,Stephen Lewis SS,late night,,,,0
321,321,Stephen Lewis SS,other,,,,0
321,321,Stephen Lewis SS,unknown,,,,0
