route_id,route_short_name,route_long_name,direction_id,shape_id,scheduled_trips,shape_path_km,shape_points,start_lat,start_lon,end_lat,end_lon,straight_line_km,directness_ratio
1,1,Dundas,0,10392,86,21.442064046976807,625,43.51804,-79.690589,43.635263,-79.539057,17.857935084605394,0.832845897926662
1,1,Dundas,1,10394,75,21.064079460919842,590,43.635263,-79.539057,43.51804,-79.690589,17.857935084605394,0.847790909530948
1,1,Dundas,1,10393,11,23.00079917320024,635,43.635263,-79.539057,43.51804,-79.690589,17.857935084605394,0.7764049827195945
2,2,Hurontario,0,20021,116,8.229336817056076,206,43.555187,-79.587472,43.594036,-79.646369,6.416577038349867,0.7797198220214909
2,2,Hurontario,0,20022,1,6.555457299098726,166,43.561522,-79.590427,43.594036,-79.646369,5.777399063026094,0.8813113714920234
2,2,Hurontario,1,20019,115,8.406544480292972,209,43.594036,-79.646369,43.555187,-79.587472,6.416577038349867,0.7632835409830896
3,3,Bloor,0,30126,90,13.825171220646933,511,43.593491,-79.646228,43.635634,-79.538048,9.889712002806359,0.7153410142246023
3,3,Bloor,1,30127,90,13.663082586947644,513,43.635634,-79.538048,43.594321,-79.646566,9.870338755218906,0.7224093605822196
4,4,North Service Road,0,40198,25,18.259386457426196,787,43.582205,-79.624613,43.609881,-79.558312,6.162598149230307,0.3375030241897281
4,4,North Service Road,0,40199,1,16.239090520183606,798,43.556095,-79.628868,43.609881,-79.558312,8.250251229792788,0.5080488479042918
4,4,North Service Road,1,40201,26,17.945694670214863,784,43.609881,-79.558312,43.582205,-79.624613,6.162598149230307,0.3434025966940472
4,4,North Service Road,1,40189,2,5.31671792432733,211,43.571646,-79.610445,43.582205,-79.624613,1.637410119287692,0.30797385578714087
4,4,North Service Road,1,40200,1,10.865852997402012,577,43.572585,-79.596605,43.582205,-79.624613,2.4969116906705744,0.22979435588421612
5,5,Dixie,0,50241,71,16.00750204519767,282,43.591746,-79.54386,43.673588,-79.680466,14.271954438728322,0.8915791107463878
5,5,Dixie,1,50239,70,17.79592697338283,350,43.673588,-79.680466,43.591746,-79.54386,14.271954438728322,0.8019787033333372
6,6,Credit Woodlands,0,60143,48,12.08745770029109,495,43.556413,-79.643933,43.594321,-79.646566,4.2205163332682085,0.34916493094876105
6,6,Credit Woodlands,1,60142,44,10.301515261701034,391,43.593594,-79.6464,43.556413,-79.643933,4.139118098663321,0.4017970166050941
6,6,Credit Woodlands,1,60144,1,5.949524669685758,239,43.569146,-79.653745,43.556413,-79.643933,1.6216228609296213,0.2725634316960101
7,7,Airport,0,70186,54,25.858978356884847,751,43.593906,-79.646886,43.721571,-79.640811,14.204129916311969,0.5492919990990355
7,7,Airport,1,70185,54,25.800020002854176,760,43.721571,-79.640811,43.594321,-79.646566,14.157146079859725,0.5487261668127995
8,8,Cawthra,0,80241,34,13.667713739616403,506,43.555383,-79.587256,43.594321,-79.646566,6.4478444784911835,0.47175735469216434
8,8,Cawthra,0,80242,1,9.474928681976884,361,43.576014,-79.575028,43.594321,-79.646566,6.110987475200859,0.6449639549081904
8,8,Cawthra,0,80245,1,9.631909757611911,365,43.575024,-79.573639,43.594321,-79.646566,6.253543139745925,0.6492526712891876
8,8,Cawthra,1,80246,35,13.45603072408686,482,43.593778,-79.646704,43.555383,-79.587256,6.415766458521172,0.47679487287708705
9,9,Rathburn,0,90176,49,16.50722646527806,554,43.540278,-79.742079,43.594321,-79.646566,9.763683181408151,0.5914793258543742
9,9,Rathburn,1,90175,49,16.498865908598027,556,43.593778,-79.646704,43.540278,-79.742079,9.71787118002232,0.5890023734878687
10,10,Bristol,0,100200,50,20.444043274786516,826,43.593778,-79.646704,43.5838,-79.75894,9.107250047365884,0.44547205877801027
10,10,Bristol,1,100198,51,20.594636336743353,879,43.583869,-79.758894,43.593778,-79.646704,9.10263580320991,0.4419906064070524
10,10,Bristol,1,100201,1,10.979909260560538,463,43.586605,-79.697472,43.593778,-79.646704,4.165795628291936,0.3794016443519559
11,11,Westwood,0,110209,85,16.7317841507053,561,43.635513,-79.538189,43.721467,-79.640907,12.632685280821104,0.7550112508646363
11,11,Westwood,1,110211,87,16.951875447514823,721,43.721467,-79.640907,43.635804,-79.538386,12.597834800241964,0.7431528646636458
13,13,Glen Erin,0,130138,48,17.235573304180384,672,43.512794,-79.632895,43.5838,-79.75894,12.865940036933745,0.7464758966743038
13,13,Glen Erin,0,130137,1,8.45749823123424,348,43.553824,-79.71184,43.5838,-79.75894,5.050700304532216,0.5971860905485694
13,13,Glen Erin,0,130140,1,13.18127126304407,579,43.537264,-79.666809,43.5838,-79.75894,9.049134418533473,0.6865145430929911
13,13,Glen Erin,1,130139,52,17.22541928938436,652,43.583276,-79.758415,43.512794,-79.632895,12.796826496355083,0.7429036287227841
14,14,Lorne Park,0,140056,27,9.12229708211972,315,43.512729,-79.633192,43.555306,-79.58734,6.0063593157430795,0.6584261904291545
14,14,Lorne Park,1,140058,14,8.688714387798917,355,43.555306,-79.58734,43.512729,-79.633192,6.0063593157430795,0.6912828581610967
14,14,Lorne Park,1,140057,13,17.619756072619055,537,43.555306,-79.58734,43.512729,-79.633192,6.0063593157430795,0.3408877677413996
15,15,Drew,0,150080,30,12.433066854470761,419,43.671522,-79.685454,43.721602,-79.640783,6.626271240951124,0.5329554902673436
15,15,Drew,0,150082,3,3.158137262817624,142,43.710618,-79.656505,43.721602,-79.640783,1.7573604365836148,0.556454735921052
15,15,Drew,1,150085,32,11.445070405156876,424,43.721602,-79.640783,43.671522,-79.685454,6.626271240951124,0.5789629077306054
16,16,Malton,0,160073,26,10.673558139670568,558,43.721727,-79.64067,43.721482,-79.640893,0.03260855130013645,0.003055077873135836
16,16,Malton,1,160072,20,10.54736174283964,552,43.721727,-79.64067,43.721482,-79.640893,0.03260855130013645,0.0030916310727916053
16,16,Malton,1,160071,4,6.92987693968246,379,43.721727,-79.64067,43.721482,-79.640893,0.03260855130013645,0.004705502216556047
17,17,Hurontario,0,170034,74,9.232254136298415,214,43.594036,-79.646369,43.652133,-79.710486,8.268542379899275,0.8956146849759996
17,17,Hurontario,1,170035,72,9.375630389574264,205,43.652133,-79.710486,43.594036,-79.646369,8.268542379899275,0.8819185522814471
18,18,Derry,0,180057,45,16.16257495970222,264,43.654194,-79.74054,43.721684,-79.640227,11.01706985372968,0.6816407584310229
18,18,Derry,1,180058,45,15.088151731439954,230,43.721684,-79.640227,43.654194,-79.74054,11.01706985372968,0.7301802135759842
20,20,Rathburn,0,200117,51,13.699490284877914,469,43.593906,-79.646886,43.635804,-79.538386,9.899518068502735,0.7226194451504702
20,20,Rathburn,1,200118,53,13.629849415245397,480,43.635377,-79.538346,43.594321,-79.646566,9.835831560145284,0.7216390482747087
22,22,Finch,0,220056,44,5.295587783280603,187,43.721529,-79.640401,43.730893,-79.59962,3.438411470333066,0.6492974172175802
22,22,Finch,1,220055,44,5.789389230655568,192,43.730893,-79.59962,43.721529,-79.640401,3.438411470333066,0.593916099495648
23,23,Lakeshore,0,230097,48,13.084987740642896,275,43.512914,-79.633274,43.591746,-79.54386,11.347255091479276,0.8671964633359113
23,23,Lakeshore,1,230096,48,12.449918689224713,272,43.591746,-79.54386,43.512914,-79.633274,11.347255091479276,0.9114320643154254
24,24,Northwest,0,240068,17,16.17021623488193,526,43.663296,-79.592269,43.721602,-79.640783,7.566240218396305,0.4679121236532772
24,24,Northwest,1,240069,19,15.682929131615719,493,43.721602,-79.640783,43.663296,-79.592269,7.566240218396305,0.4824507051519655
25,25,Traders Loop,0,250016,21,7.6894969656520455,235,43.620225,-79.669139,43.620225,-79.669139,0.0,0.0
26,26,Burnhamthorpe,0,260384,74,21.60033179768662,500,43.542913,-79.683233,43.635213,-79.538536,15.52884993328163,0.7189171943620217
26,26,Burnhamthorpe,0,260386,1,2.202809333573083,59,43.644502,-79.524197,43.635213,-79.538536,1.5486406822540206,0.7030298349707991
26,26,Burnhamthorpe,1,260385,77,22.06821173476026,589,43.635213,-79.538536,43.542913,-79.683233,15.52884993328163,0.7036750471639577
26,26,Burnhamthorpe,1,260379,4,4.24906981657126,200,43.570247,-79.662141,43.542913,-79.683233,3.482353064586004,0.8195565652992848
28,28,Confederation,0,280137,50,6.984442669361263,332,43.572124,-79.609912,43.594321,-79.646566,3.8481736497987593,0.5509635960904351
28,28,Confederation,0,280136,14,8.526606992047846,363,43.572124,-79.609912,43.594321,-79.646566,3.8481736497987593,0.4513135944212832
28,28,Confederation,0,280133,1,3.44119481084085,165,43.575813,-79.636155,43.594321,-79.646566,2.2222779107637853,0.6457867202876479
28,28,Confederation,1,280135,51,6.37224685498426,288,43.593667,-79.646522,43.572124,-79.609912,3.7992008121291643,0.5962105515666732
28,28,Confederation,1,280134,13,7.914411170009344,315,43.593667,-79.646522,43.572124,-79.609912,3.7992008121291643,0.48003581448052046
29,29,Park Royal,0,290118,33,13.437001377880078,638,43.512729,-79.633192,43.543337,-79.683859,5.316874597496151,0.39568907139123777
29,29,Park Royal,0,290114,2,1.3618196987935811,44,43.537834,-79.68742,43.543337,-79.683859,0.6758816022039186,0.4963076997657425
29,29,Park Royal,1,290117,33,16.78904551085008,899,43.543337,-79.683859,43.512729,-79.633192,5.316874597496151,0.3166871275713721
30,30,Rexdale,0,300092,17,14.06024281148261,638,43.721868,-79.640543,43.71413,-79.556463,6.811755216085046,0.48446924476454095
30,30,Rexdale,0,300093,9,14.523856010100115,674,43.721868,-79.640543,43.71413,-79.556463,6.811755216085046,0.4690045957043395
30,30,Rexdale,1,300094,16,13.333955647135955,502,43.71413,-79.556463,43.721868,-79.640543,6.811755216085046,0.5108577976669786
30,30,Rexdale,1,300095,6,13.797568744285371,536,43.71413,-79.556463,43.721868,-79.640543,6.811755216085046,0.49369242816103487
31,31,Ogden,0,310031,50,7.978186971895449,193,43.591316,-79.544215,43.608264,-79.578369,3.3339584593826457,0.4178842224589489
31,31,Ogden,1,310029,50,7.9470535470821,202,43.608264,-79.578369,43.591316,-79.544215,3.3339584593826457,0.41952132820430876
35,35,Eglinton,0,350356,79,27.898003691846196,608,43.540278,-79.742079,43.635396,-79.538895,19.484975523748346,0.6984361941798458
35,35,Eglinton,1,350361,80,29.259983965309065,771,43.635396,-79.538895,43.540278,-79.742079,19.484975523748346,0.6659257075072198
36,36,Ridgeway,0,360044,33,12.987281049251676,509,43.543684,-79.684324,43.542567,-79.712011,2.235037821609999,0.17209436010001347
36,36,Ridgeway,1,360041,33,11.537176545073935,495,43.542567,-79.712011,43.543684,-79.684324,2.235037821609999,0.1937248522528937
38,38,Creditview,0,380291,37,25.67929137464109,930,43.582102,-79.624732,43.5838,-79.75894,10.811721138108235,0.421028796331392
38,38,Creditview,0,380273,1,3.6688213822325966,77,43.591878,-79.78799,43.5838,-79.75894,2.5062010717563,0.6831079550215648
38,38,Creditview,0,380285,1,20.460602074855252,801,43.569146,-79.653745,43.5838,-79.75894,8.629309055627157,0.4217524501017502
38,38,Creditview,1,380284,38,25.781089050552,939,43.583153,-79.758612,43.582102,-79.624732,10.784344110657447,0.4183044435986129
39,39,Britannia,0,390172,23,27.267177942138403,681,43.583223,-79.758839,43.663198,-79.59099,16.174722333198865,0.5931938526063096
39,39,Britannia,0,390173,23,27.034003780788534,615,43.583223,-79.758839,43.663198,-79.59099,16.174722333198865,0.5983102785793528
39,39,Britannia,0,390174,1,15.524346609576865,303,43.588715,-79.721879,43.663198,-79.59099,13.400907586290835,0.8632187829421372
39,39,Britannia,1,390170,31,27.705093988427382,595,43.663227,-79.590956,43.5838,-79.75894,16.150340419439317,0.5829375791392526
39,39,Britannia,1,390171,18,27.93826709403874,661,43.663227,-79.590956,43.5838,-79.75894,16.150340419439317,0.5780723752506954
42,42,Derry,0,420136,88,22.14252567223836,597,43.583734,-79.75874,43.721684,-79.640227,18.06124512006776,0.8156813449114529
42,42,Derry,1,420137,83,22.15247540635206,619,43.721684,-79.640227,43.5838,-79.75894,18.063512526764182,0.8154173380363895
43,43,Matheson,0,430058,9,24.223920604428443,660,43.663296,-79.592269,43.5838,-79.75894,16.066173950368253,0.6632359068841709
43,43,Matheson,1,430061,9,24.159841938038706,658,43.583595,-79.758586,43.663516,-79.593103,16.01258789435473,0.6627770138323442
44,44,Mississauga Road,0,440141,51,14.744506470927393,636,43.547802,-79.66385,43.5838,-79.75894,8.644051149497995,0.5862557126982838
44,44,Mississauga Road,1,440140,51,15.182134237213345,721,43.583459,-79.758921,43.547802,-79.66385,8.625217876743772,0.5681162965614059
45,45,Winston Churchill,0,450207,38,19.859507165819743,278,43.512729,-79.633192,43.5838,-79.75894,12.851496914332634,0.6471206363293538
45,45,Winston Churchill,0,450206,14,18.146168435110933,356,43.512729,-79.633192,43.5838,-79.75894,12.851496914332634,0.7082209646784902
45,45,Winston Churchill,1,450208,36,19.948815178782482,301,43.58347,-79.758449,43.512729,-79.633192,12.797749802321801,0.6415293182892116
45,45,Winston Churchill,1,450209,15,18.235471538506406,381,43.58347,-79.758449,43.512729,-79.633192,12.797749802321801,0.7018052576977679
46,46,Tenth Line,0,460043,29,11.519214022675197,449,43.552318,-79.700084,43.5838,-79.75894,5.894039637309192,0.5116702950137889
46,46,Tenth Line,0,460042,2,9.441173702304274,410,43.560712,-79.711185,43.5838,-79.75894,4.625141336208121,0.489890503241062
46,46,Tenth Line,0,460033,1,1.796348888266792,84,43.574468,-79.773379,43.5838,-79.75894,1.5587021294833652,0.8677056777023308
46,46,Tenth Line,1,460044,30,11.119217563919772,452,43.583595,-79.758586,43.552318,-79.700084,5.857562216483105,0.5267962590722242
48,48,Erin Mills,0,480096,44,14.56554137528177,673,43.547812,-79.664451,43.5838,-79.75894,8.600644374525979,0.5904788674124789
48,48,Erin Mills,1,480095,43,15.151150234111926,756,43.583276,-79.758415,43.547812,-79.664451,8.536181355905933,0.5634015387615404
49,49,McDowell,0,490062,17,5.253468363712329,146,43.555894,-79.752901,43.575544,-79.710514,4.054289344250265,0.7717357493298633
49,49,McDowell,0,490067,9,5.410740999435308,117,43.555894,-79.752901,43.560712,-79.711185,3.4039048217178998,0.629101415512801
49,49,McDowell,1,490070,17,7.7362393567489125,209,43.575544,-79.710514,43.555894,-79.752901,4.054289344250265,0.5240646207143784
49,49,McDowell,1,490071,9,7.255548465685599,168,43.560712,-79.711185,43.555894,-79.752901,3.4039048217178998,0.46914507398252964
51,51,Tomken,0,510126,63,16.865883789945283,340,43.60262,-79.589145,43.701892,-79.691162,13.755590293678377,0.815586687599429
51,51,Tomken,0,510131,1,11.009904221737282,157,43.633215,-79.641249,43.701892,-79.691162,8.627548387959177,0.7836170246536271
51,51,Tomken,1,510130,62,18.22786509003826,350,43.701892,-79.691162,43.60262,-79.589145,13.755590293678377,0.754646264152787
51,51,Tomken,1,510129,2,6.541733102648009,144,43.626713,-79.629868,43.60262,-79.589145,4.233795957588622,0.6471979047685141
51,51,Tomken,1,510132,1,11.041125854115279,269,43.654538,-79.669996,43.60262,-79.589145,8.699070180416626,0.7878789079443638
53,53,Kennedy,0,530100,42,13.799162105438004,330,43.581996,-79.624854,43.652133,-79.710486,10.408797222231577,0.7543064675013605
53,53,Kennedy,1,530103,41,13.873341302764135,328,43.652133,-79.710486,43.581996,-79.624854,10.408797222231577,0.7502732755632358
57,57,Courtneypark,0,570148,47,22.02237010889827,601,43.654194,-79.74054,43.663296,-79.592269,11.970622766868873,0.5435665056792444
57,57,Courtneypark,0,570149,10,26.29788500728328,710,43.654194,-79.74054,43.663296,-79.592269,11.970622766868873,0.45519336492472956
57,57,Courtneypark,1,570156,49,23.515283255425523,718,43.663296,-79.592269,43.654194,-79.74054,11.970622766868873,0.5090571368774378
57,57,Courtneypark,1,570155,9,27.790798153810535,827,43.663296,-79.592269,43.654194,-79.74054,11.970622766868873,0.43074051708110156
57,57,Courtneypark,1,570152,1,7.608622371354772,207,43.626528,-79.70284,43.654194,-79.74054,4.320565354748774,0.5678512014231382
61,61,Mavis,0,610210,93,14.720712608413683,393,43.593891,-79.646132,43.656832,-79.741267,10.373947570868957,0.7047177570017694
61,61,Mavis,1,610211,94,15.028926119493043,384,43.656832,-79.741267,43.593891,-79.646132,10.373947570868957,0.6902653914449406
61,61,Mavis,1,610206,2,9.472450694979026,276,43.632022,-79.721964,43.593891,-79.646132,7.432935689547843,0.7846898262017612
66,66,McLaughlin,0,660074,100,11.518303222705944,291,43.593709,-79.645835,43.656832,-79.741267,10.405255113448888,0.90336700747182
66,66,McLaughlin,1,660071,102,11.44672479362466,231,43.656832,-79.741267,43.594321,-79.646566,10.315891316774026,0.9012089923328583
68,68,Terry Fox,0,680034,17,9.990236737489381,286,43.594795,-79.646627,43.598359,-79.713058,5.364275983389932,0.5369518385144909
68,68,Terry Fox,1,680036,17,10.557788996888744,370,43.598359,-79.713058,43.594321,-79.646566,5.373343214527149,0.5089458802511216
70,70,Keaton,0,700069,15,24.18600311244599,865,43.618702,-79.671272,43.635804,-79.538386,10.863447780646116,0.44916258921077545
70,70,Keaton,1,700072,13,24.79861209835362,718,43.635513,-79.538189,43.62004,-79.673833,11.05233791369852,0.4456837289870865
71,71,Sheridan,0,710054,5,24.515889089046134,694,43.515528,-79.67267,43.635804,-79.538386,17.201300602510468,0.7016388653102582
71,71,Sheridan,1,710058,3,25.58774157538274,781,43.635513,-79.538189,43.515711,-79.672349,17.154064092404386,0.6704016468928168
73,73,Kamato,0,730025,17,6.6251932580378305,182,43.629905,-79.614789,43.644057,-79.638326,2.462533688230662,0.3716923555766561
73,73,Kamato,1,730026,17,4.368791807597877,90,43.644057,-79.638326,43.629857,-79.614849,2.462241516063959,0.563597814796716
74,74,Explorer,0,740028,16,7.998249356962532,215,43.629905,-79.614789,43.663296,-79.592269,4.131475817623952,0.5165475134914959
74,74,Explorer,1,740029,17,6.827220828714262,188,43.663296,-79.592269,43.629857,-79.614849,4.13839061644729,0.6061603572337726
90,90,Terragar-Copenhagen Loop,0,900058,15,6.158592084658172,380,43.58362,-79.758926,43.5838,-79.75894,0.02004685490848641,0.0032551035419971473
90,90,Terragar-Copenhagen Loop,0,900059,8,7.292126020745791,367,43.58362,-79.758926,43.5838,-79.75894,0.02004685490848641,0.0027491097728500513
90,90,Terragar-Copenhagen Loop,0,900057,7,7.292135150389937,369,43.58362,-79.758926,43.5838,-79.75894,0.02004685490848641,0.002749106331005732
90,90,Terragar-Copenhagen Loop,1,900060,33,7.85334111715367,217,43.58362,-79.758926,43.5838,-79.75894,0.02004685490848641,0.002552653018560348
101,101,Dundas Express,0,1010269,69,20.776376184332793,486,43.51804,-79.690589,43.635552,-79.538701,17.900973436730403,0.8616022966617877
101,101,Dundas Express,1,1010268,68,21.40465316506326,534,43.635552,-79.538701,43.51804,-79.690589,17.900973436730403,0.8363122400856478
103,103,Hurontario Express,0,1030041,52,14.829150857678375,186,43.572124,-79.609912,43.664893,-79.734477,14.38603067883413,0.9701183039341189
103,103,Hurontario Express,1,1030042,52,14.98047583800733,224,43.666411,-79.733672,43.572124,-79.609912,14.462739763771376,0.9654392771074473
107,107,Malton Express,0,1070220,73,24.901186621889433,793,43.594795,-79.646627,43.72924,-79.605559,15.31028171555589,0.6148414510534754
107,107,Malton Express,1,1070221,74,25.462298797196677,830,43.72924,-79.605559,43.594321,-79.646566,15.360699107274334,0.6032722822719173
108,108,Financial Express,0,1080047,13,30.875065321662255,969,43.635634,-79.538048,43.60893,-79.727852,15.56405437723437,0.5040978606874226
108,108,Financial Express,1,1080048,13,32.07633047403822,1081,43.608114,-79.729159,43.635804,-79.538386,15.66189341017922,0.4882694865254479
109,109,Meadowvale Express,0,1090148,82,35.195061157273386,882,43.635109,-79.538655,43.5838,-79.75894,18.630590303180593,0.5293524060074096
109,109,Meadowvale Express,1,1090149,80,34.80120656884851,918,43.583869,-79.758894,43.635109,-79.538655,18.624706480636913,0.535174159659981
110,110,University Express,0,1100152,51,18.83198565077257,664,43.51263,-79.633004,43.593841,-79.647667,9.10724699471628,0.48360524288858847
110,110,University Express,0,1100155,8,9.857444826722686,183,43.543167,-79.683607,43.593841,-79.647667,6.33514812225286,0.6426764981812343
110,110,University Express,1,1100154,52,21.96637536932317,974,43.593841,-79.647667,43.51263,-79.633004,9.10724699471628,0.4145994430849469
110,110,University Express,1,1100147,7,11.662386612745104,278,43.593841,-79.647667,43.543167,-79.683607,6.33514812225286,0.543211979898657
126,126,Burnhamthorpe Express,0,1260014,25,19.269752201910247,401,43.547802,-79.66385,43.635804,-79.538386,14.065926568341494,0.7299484923810858
126,126,Burnhamthorpe Express,1,1260013,24,19.542841533737665,468,43.635377,-79.538346,43.547802,-79.66385,14.035282475153068,0.7181802324356642
135,135,Eglinton Express,0,1350009,27,28.029680461031084,711,43.542263,-79.712343,43.635691,-79.538529,17.432515787619177,0.621930592889032
135,135,Eglinton Express,1,1350010,27,28.52459990698236,681,43.635691,-79.538529,43.542329,-79.712271,17.423479661759856,0.6108229289307182
302,302,Philip Pocock SS,1,3020024,2,9.59940444328457,359,43.624079,-79.626223,43.594321,-79.646566,3.6921102572124465,0.3846186791093406
304,304,Father Goetz SS,1,3040015,1,6.392038281640533,299,43.589672,-79.628499,43.583042,-79.63576,0.9410167785262299,0.1472170123306451
306,306,Streetsville SS,1,3060013,1,7.674102591757318,169,43.578951,-79.717674,43.595499,-79.675443,3.8671641904672964,0.5039239629948369
307,307,Philip Pocock SS,0,3070032,1,9.990859777916942,240,43.624079,-79.626223,43.635804,-79.538386,7.188711270058129,0.7195287923014919
307,307,Philip Pocock SS,1,3070033,1,10.078925450670061,263,43.635634,-79.538048,43.624022,-79.626146,7.207121775292737,0.7150684674241337
312,312,Glenforest SS,0,3120015,1,7.403105854935932,165,43.593709,-79.645835,43.628737,-79.595736,5.607064921970824,0.7573935901824748
312,312,Glenforest SS,1,3120014,1,7.311676771059997,145,43.628185,-79.596339,43.594321,-79.646566,5.525477107958076,0.7557058771837681
313,313,Streetsville SS,0,3130015,2,7.491925048617075,404,43.578951,-79.717674,43.5838,-79.75894,3.3673934130459187,0.4494697145518696
313,313,Streetsville SS,1,3130016,1,7.951843360227236,407,43.583153,-79.758612,43.579604,-79.71748,3.3365719841088524,0.4195972975017839
314,314,Rick Hansen SS,0,3140029,1,5.831186594973613,84,43.589841,-79.683079,43.586957,-79.697556,1.2092722290108204,0.20738012912383788
314,314,Rick Hansen SS,1,3140028,1,5.554528917987676,87,43.589,-79.700307,43.589648,-79.683508,1.354885855131284,0.24392452989913305
315,315,Rick Hansen SS,0,3150022,1,6.20723622782261,290,43.593906,-79.646886,43.589648,-79.683508,2.9871274441905156,0.4812330857977267
315,315,Rick Hansen SS,1,3150021,2,5.619327652753931,278,43.589841,-79.683079,43.594321,-79.646566,2.9824694006651646,0.5307520018348655
321,321,Stephen Lewis SS,0,3210028,2,4.74297887892445,134,43.546155,-79.715238,43.552047,-79.746468,2.600775111291791,0.5483421237333362
321,321,Stephen Lewis SS,1,3210027,2,6.392733285795859,159,43.555268,-79.743789,43.546077,-79.715288,2.514009742420379,0.3932605397453868
321,321,Stephen Lewis SS,1,3210029,1,6.392733285795859,159,43.555268,-79.743789,43.546077,-79.715288,2.514009742420379,0.3932605397453868
